sales_date,contact_id,product_id,sales_owner_name,sales_owner_role,advisor_name,wholesaler_name,dealer_name,channel,mandate,purchases,redemptions,net_sales,aum,currency
2023-09-16 00:00:00,C-100068,P-2018,Priya Nair,Regional Sales,Maple Advisors,WH-B,WealthGroup,Direct,Short-Term,10013.55,12560.31,-2546.76,59649.96,CAD
2023-09-16 00:00:00,C-100268,P-2018,Ethan Park,VP Sales,BlueCrest Planning,WH-D,PrimeSecurities,Advisor,ESG,9958.01,36786.53,-26828.52,65426.86,CAD
2023-09-16 00:00:00,C-100212,P-2012,Olivia Gomez,Insider Sales,Harbor Financial,WH-A,CapitalTrust,Platform,Growth,23335.14,28681.7,-5346.56,72974.03,USD
2023-09-19 00:00:00,C-100420,P-2020,Jamal Carter,Director Sales,Pioneer Capital,WH-B,PrimeSecurities,Retail,ESG,43203.71,12522.76,30680.95,104364.01,USD
2023-09-19 00:00:00,C-100132,P-2032,Maya Singh,Director Sales,Harbor Financial,WH-B,InvestorHub,Advisor,Balanced,32348.34,55961.69,-23613.35,88681.38,CAD
2023-09-23 00:00:00,C-100275,P-2025,Olivia Gomez,Insider Sales,Harbor Financial,WH-E,InvestorHub,Institutional,Income,61155.17,33216.35,27938.82,133328.49,USD
2023-09-28 00:00:00,C-100053,P-2003,Olivia Gomez,Insider Sales,Maple Advisors,WH-D,DealerOne,Advisor,Short-Term,46008.47,19003.97,27004.5,110761.69,CAD
2023-09-29 00:00:00,C-100097,P-2047,Liam O'Connor,Insider Sales,Lighthouse Advisory,WH-C,PrimeSecurities,Direct,Balanced,50518.67,1272.97,49245.7,112374.27,CAD
2023-09-29 00:00:00,C-100138,P-2038,Marcus Riley,VP Sales,Evergreen Advisory,WH-D,DealerOne,Advisor,Short-Term,73888.13,53229.71,20658.42,118521.59,USD
2023-09-30 00:00:00,C-100490,P-2040,Sara Patel,Insider Sales,Harbor Financial,WH-D,CapitalTrust,Institutional,Income,28433.62,5400.84,23032.78,87745.36,USD
2023-10-01 00:00:00,C-100340,P-2040,Ethan Park,VP Sales,Summit Wealth,WH-D,PrimeSecurities,Advisor,Income,36922.09,42057.83,-5135.74,79923.85,USD
2023-10-02 00:00:00,C-100365,P-2015,Ethan Park,VP Sales,Evergreen Advisory,WH-D,WealthGroup,Institutional,Short-Term,17375.42,23410.76,-6035.34,60017.71,USD
2023-10-04 00:00:00,C-100390,P-2040,Marcus Riley,VP Sales,Maple Advisors,WH-B,DealerOne,Institutional,ESG,119545.34,24640.79,94904.55,190763.28,USD
2023-10-05 00:00:00,C-100047,P-2047,Sara Patel,Insider Sales,Summit Wealth,WH-A,InvestorHub,Platform,ESG,49042.16,7328.26,41713.9,121552.15,CAD
2023-10-05 00:00:00,C-100006,P-2006,Maya Singh,Director Sales,Evergreen Advisory,WH-A,DealerOne,Institutional,Balanced,103051.2,10797.45,92253.75,179057.09,CAD
2023-10-06 00:00:00,C-100319,P-2019,Alice Chen,VP Sales,Brightway Wealth,WH-D,InvestorHub,Retail,Balanced,14987.25,27083.98,-12096.73,65434.94,USD
2023-10-06 00:00:00,C-100029,P-2029,Noah Brown,Regional Sales,Maple Advisors,WH-A,InvestorHub,Institutional,ESG,31798.47,13408.01,18390.46,85254.57,USD
2023-10-07 00:00:00,C-100480,P-2030,Marcus Riley,VP Sales,Lighthouse Advisory,WH-A,PrimeSecurities,Advisor,Short-Term,83318.21,3469.92,79848.29,139176.75,CAD
2023-10-11 00:00:00,C-100327,P-2027,Priya Nair,Regional Sales,NorthStar Advisors,WH-B,CapitalTrust,Platform,Balanced,35062.84,36286.18,-1223.34,77787.5,USD
2023-10-12 00:00:00,C-100116,P-2016,Ethan Park,VP Sales,Pioneer Capital,WH-C,DealerOne,Platform,Balanced,10021,18138.31,-8117.31,59713.74,USD
2023-10-12 00:00:00,C-100163,P-2013,Sara Patel,Insider Sales,Beacon Partners,WH-D,DealerOne,Institutional,Growth,73303.69,18914.62,54389.07,140022.59,CAD
2023-10-17 00:00:00,C-100314,P-2014,Alice Chen,VP Sales,Maple Advisors,WH-B,DealerOne,Direct,ESG,17375.69,26326.61,-8950.92,72674.19,USD
2023-10-17 00:00:00,C-100119,P-2019,Ethan Park,VP Sales,Lighthouse Advisory,WH-D,WealthGroup,Institutional,ESG,18974.23,28132.98,-9158.75,64806.01,CAD
2023-10-19 00:00:00,C-100063,P-2013,Sara Patel,Insider Sales,Lighthouse Advisory,WH-E,PrimeSecurities,Advisor,Balanced,11485.13,41913.46,-30428.33,62187.68,USD
2023-10-20 00:00:00,C-100388,P-2038,Maya Singh,Director Sales,Brightway Wealth,WH-C,WealthGroup,Institutional,Growth,6240.82,884.81,5356.01,55412.98,CAD
2023-10-20 00:00:00,C-100152,P-2002,Marcus Riley,VP Sales,Lighthouse Advisory,WH-D,DealerOne,Retail,Balanced,6772.1,60623.04,-53850.94,58630.01,CAD
2023-10-21 00:00:00,C-100273,P-2023,Ethan Park,VP Sales,BlueCrest Planning,WH-E,PrimeSecurities,Retail,Balanced,29606.07,10260.59,19345.48,73502.37,USD
2023-10-21 00:00:00,C-100349,P-2049,Maya Singh,Director Sales,Summit Wealth,WH-E,WealthGroup,Advisor,Growth,64242.75,33368.14,30874.61,123882.79,USD
2023-10-22 00:00:00,C-100321,P-2021,Sara Patel,Insider Sales,Beacon Partners,WH-D,DealerOne,Advisor,Balanced,12511.19,9010.46,3500.73,62001.36,CAD
2023-10-23 00:00:00,C-100381,P-2031,Olivia Gomez,Insider Sales,Evergreen Advisory,WH-E,PrimeSecurities,Advisor,Income,74110.09,8309.58,65800.51,134748.21,USD
2023-10-25 00:00:00,C-100115,P-2015,Priya Nair,Regional Sales,Evergreen Advisory,WH-E,PrimeSecurities,Institutional,Growth,33506.23,38035.47,-4529.24,79682.21,USD
2023-10-25 00:00:00,C-100095,P-2045,Liam O'Connor,Insider Sales,Brightway Wealth,WH-E,DealerOne,Institutional,Income,19219.04,32043.03,-12823.99,70616.23,USD
2023-10-30 00:00:00,C-100345,P-2045,Ethan Park,VP Sales,Pioneer Capital,WH-D,WealthGroup,Institutional,ESG,100721.46,12783.67,87937.79,100649.22,CAD
2023-10-31 00:00:00,C-100424,P-2024,Jamal Carter,Director Sales,BlueCrest Planning,WH-E,DealerOne,Institutional,Short-Term,10162.04,4198.03,5964.01,61220.7,USD
2023-10-31 00:00:00,C-100467,P-2017,Ethan Park,VP Sales,NorthStar Advisors,WH-C,DealerOne,Platform,Growth,71949.08,13857.61,58091.47,137122.17,USD
2023-11-01 00:00:00,C-100120,P-2020,Noah Brown,Regional Sales,Beacon Partners,WH-C,DealerOne,Direct,Growth,80886.58,8711.98,72174.6,153053.87,USD
2023-11-02 00:00:00,C-100338,P-2038,Maya Singh,Director Sales,Maple Advisors,WH-E,WealthGroup,Platform,ESG,5131.93,35679.47,-30547.54,54915.54,CAD
2023-11-04 00:00:00,C-100400,P-2000,Maya Singh,Director Sales,BlueCrest Planning,WH-E,InvestorHub,Direct,Balanced,22843.89,10807.83,12036.06,70024.1,USD
2023-11-06 00:00:00,C-100221,P-2021,Olivia Gomez,Insider Sales,Evergreen Advisory,WH-A,DealerOne,Institutional,ESG,4594.97,39152.6,-34557.63,56734.97,USD
2023-11-06 00:00:00,C-100090,P-2040,Marcus Riley,VP Sales,Pioneer Capital,WH-B,InvestorHub,Institutional,ESG,60277.2,38546.16,21731.04,106239.08,USD
2023-11-06 00:00:00,C-100417,P-2017,Sara Patel,Insider Sales,Harbor Financial,WH-B,InvestorHub,Platform,Balanced,12327.13,4674,7653.13,64147.91,USD
2023-11-07 00:00:00,C-100283,P-2033,Noah Brown,Regional Sales,Maple Advisors,WH-A,WealthGroup,Retail,Balanced,29823.6,167.34,29656.26,80216.63,USD
2023-11-07 00:00:00,C-100413,P-2013,Marcus Riley,VP Sales,Maple Advisors,WH-A,InvestorHub,Institutional,Income,25009.86,8324.27,16685.59,82211.12,USD
2023-11-11 00:00:00,C-100435,P-2035,Ethan Park,VP Sales,Brightway Wealth,WH-B,CapitalTrust,Platform,Income,15428.13,9534.7,5893.43,65411.31,CAD
2023-11-11 00:00:00,C-100442,P-2042,Sara Patel,Insider Sales,Maple Advisors,WH-A,CapitalTrust,Institutional,Income,25787.6,20204.03,5583.57,74966.62,USD
2023-11-12 00:00:00,C-100033,P-2033,Maya Singh,Director Sales,Lighthouse Advisory,WH-E,PrimeSecurities,Institutional,Growth,2752.75,14917.09,-12164.34,54133.14,CAD
2023-11-16 00:00:00,C-100104,P-2004,Marcus Riley,VP Sales,Beacon Partners,WH-A,WealthGroup,Platform,Short-Term,73588.88,14425.91,59162.97,116195.43,USD
2023-11-18 00:00:00,C-100098,P-2048,Jamal Carter,Director Sales,Evergreen Advisory,WH-C,DealerOne,Institutional,Income,51135.99,26733.73,24402.26,103768.93,CAD
2023-11-22 00:00:00,C-100466,P-2016,Jamal Carter,Director Sales,Harbor Financial,WH-D,PrimeSecurities,Direct,Income,17308.63,10769.54,6539.09,65393.81,USD
2023-11-25 00:00:00,C-100004,P-2004,Marcus Riley,VP Sales,Summit Wealth,WH-A,CapitalTrust,Platform,Short-Term,74208.45,26736.73,47471.72,161960.56,USD
2023-11-29 00:00:00,C-100458,P-2008,Sara Patel,Insider Sales,BlueCrest Planning,WH-D,InvestorHub,Advisor,Short-Term,3908.56,3369.89,538.67,54125.93,USD
2023-12-04 00:00:00,C-100209,P-2009,Noah Brown,Regional Sales,Harbor Financial,WH-B,WealthGroup,Direct,Income,27544.71,7135.59,20409.12,77585.02,CAD
2023-12-04 00:00:00,C-100065,P-2015,Noah Brown,Regional Sales,Lighthouse Advisory,WH-B,CapitalTrust,Direct,Growth,45164.27,3097.12,42067.15,112386.68,USD
2023-12-09 00:00:00,C-100157,P-2007,Marcus Riley,VP Sales,Brightway Wealth,WH-A,WealthGroup,Retail,Balanced,78128.62,4841.01,73287.61,143641.13,CAD
2023-12-09 00:00:00,C-100462,P-2012,Liam O'Connor,Insider Sales,Evergreen Advisory,WH-D,WealthGroup,Advisor,Balanced,37626.87,50932.65,-13305.78,116069.66,CAD
2023-12-11 00:00:00,C-100013,P-2013,Marcus Riley,VP Sales,Maple Advisors,WH-A,InvestorHub,Institutional,ESG,28680.29,2220.81,26459.48,105453.23,CAD
2023-12-15 00:00:00,C-100397,P-2047,Olivia Gomez,Insider Sales,Brightway Wealth,WH-E,CapitalTrust,Retail,Short-Term,34365.5,7590.04,26775.46,85358.09,CAD
2023-12-15 00:00:00,C-100058,P-2008,Liam O'Connor,Insider Sales,Evergreen Advisory,WH-E,WealthGroup,Institutional,Growth,17213.19,54590.19,-37377,71261.46,USD
2023-12-17 00:00:00,C-100468,P-2018,Sara Patel,Insider Sales,Beacon Partners,WH-B,InvestorHub,Institutional,Income,863.11,20311.88,-19448.77,50853.62,USD
2023-12-19 00:00:00,C-100145,P-2045,Alice Chen,VP Sales,Harbor Financial,WH-B,InvestorHub,Advisor,Income,63330.15,18817.84,44512.31,132772.2,CAD
2023-12-19 00:00:00,C-100445,P-2045,Marcus Riley,VP Sales,Maple Advisors,WH-B,InvestorHub,Platform,Growth,30865.15,55156.27,-24291.12,86187.99,USD
2023-12-22 00:00:00,C-100297,P-2047,Marcus Riley,VP Sales,Lighthouse Advisory,WH-C,DealerOne,Advisor,Income,114845.16,2909.05,111936.11,177630.2,CAD
2023-12-22 00:00:00,C-100277,P-2027,Maya Singh,Director Sales,Brightway Wealth,WH-E,WealthGroup,Advisor,Balanced,117311.67,2351.31,114960.36,168162.03,CAD
2023-12-22 00:00:00,C-100356,P-2006,Liam O'Connor,Insider Sales,Summit Wealth,WH-D,WealthGroup,Institutional,Growth,26962.14,5078.99,21883.15,71352.13,CAD
2023-12-22 00:00:00,C-100348,P-2048,Ethan Park,VP Sales,Harbor Financial,WH-B,WealthGroup,Retail,Balanced,10544.57,1503.03,9041.54,60369.9,USD
2023-12-22 00:00:00,C-100125,P-2025,Ethan Park,VP Sales,Summit Wealth,WH-B,InvestorHub,Advisor,ESG,37518.97,23828.11,13690.86,94621.14,CAD
2023-12-23 00:00:00,C-100482,P-2032,Sara Patel,Insider Sales,NorthStar Advisors,WH-B,CapitalTrust,Direct,Short-Term,9826.8,22160.04,-12333.24,57778.73,USD
2023-12-23 00:00:00,C-100015,P-2015,Noah Brown,Regional Sales,BlueCrest Planning,WH-C,DealerOne,Platform,ESG,20018.99,5993.85,14025.14,82554.49,CAD
2023-12-26 00:00:00,C-100421,P-2021,Noah Brown,Regional Sales,Lighthouse Advisory,WH-C,PrimeSecurities,Advisor,Balanced,5249.6,57123.07,-51873.47,56364.59,USD
2023-12-26 00:00:00,C-100000,P-2000,Marcus Riley,VP Sales,Maple Advisors,WH-C,InvestorHub,Institutional,Income,34079.37,3871.13,30208.24,91971.21,CAD
2023-12-27 00:00:00,C-100291,P-2041,Maya Singh,Director Sales,Harbor Financial,WH-E,PrimeSecurities,Platform,Income,4692.81,21071.97,-16379.16,54334.57,USD
2023-12-27 00:00:00,C-100377,P-2027,Sara Patel,Insider Sales,NorthStar Advisors,WH-A,PrimeSecurities,Advisor,Growth,31108.72,29646,1462.72,88797.77,CAD
2023-12-29 00:00:00,C-100071,P-2021,Sara Patel,Insider Sales,Lighthouse Advisory,WH-B,PrimeSecurities,Advisor,Growth,26425.42,35990.74,-9565.32,80052.35,USD
2023-12-29 00:00:00,C-100429,P-2029,Sara Patel,Insider Sales,Harbor Financial,WH-A,DealerOne,Institutional,Short-Term,87248.68,32815.67,54433.01,145475.46,CAD
2023-12-30 00:00:00,C-100003,P-2003,Sara Patel,Insider Sales,Summit Wealth,WH-C,CapitalTrust,Institutional,Income,25695.29,15308.99,10386.3,76016.32,USD
2024-01-04 00:00:00,C-100294,P-2044,Priya Nair,Regional Sales,NorthStar Advisors,WH-C,WealthGroup,Institutional,Short-Term,64183.72,28044.12,36139.6,139684.88,USD
2024-01-05 00:00:00,C-100211,P-2011,Olivia Gomez,Insider Sales,Pioneer Capital,WH-D,PrimeSecurities,Direct,Balanced,180.66,17845.58,-17664.92,50195.17,CAD
2024-01-05 00:00:00,C-100198,P-2048,Jamal Carter,Director Sales,Lighthouse Advisory,WH-C,DealerOne,Direct,Growth,50257.85,85615.27,-35357.42,107654.16,USD
2024-01-05 00:00:00,C-100206,P-2006,Marcus Riley,VP Sales,Pioneer Capital,WH-C,DealerOne,Advisor,Short-Term,26730.87,42914.2,-16183.33,80950.13,CAD
2024-01-08 00:00:00,C-100358,P-2008,Maya Singh,Director Sales,Lighthouse Advisory,WH-E,PrimeSecurities,Retail,Short-Term,21836.85,32408.52,-10571.67,77983.47,CAD
2024-01-09 00:00:00,C-100438,P-2038,Liam O'Connor,Insider Sales,Summit Wealth,WH-C,PrimeSecurities,Direct,Growth,56478.78,14733.99,41744.79,98245.46,USD
2024-01-10 00:00:00,C-100447,P-2047,Ethan Park,VP Sales,Summit Wealth,WH-C,InvestorHub,Direct,Growth,7591.83,20860.37,-13268.54,58089.61,USD
2024-01-12 00:00:00,C-100284,P-2034,Sara Patel,Insider Sales,Summit Wealth,WH-C,WealthGroup,Direct,ESG,3831.62,26516.77,-22685.15,55062.71,USD
2024-01-12 00:00:00,C-100433,P-2033,Olivia Gomez,Insider Sales,NorthStar Advisors,WH-B,DealerOne,Advisor,ESG,24267.33,38589.91,-14322.58,72977.15,CAD
2024-01-14 00:00:00,C-100008,P-2008,Jamal Carter,Director Sales,BlueCrest Planning,WH-A,PrimeSecurities,Institutional,Short-Term,27029.76,26838,191.76,91614.38,CAD
2024-01-15 00:00:00,C-100231,P-2031,Noah Brown,Regional Sales,BlueCrest Planning,WH-A,CapitalTrust,Institutional,Short-Term,25932.3,7499.2,18433.1,85120.27,USD
2024-01-16 00:00:00,C-100241,P-2041,Sara Patel,Insider Sales,Lighthouse Advisory,WH-E,WealthGroup,Direct,Balanced,28663.43,29561.16,-897.73,74168.15,USD
2024-01-17 00:00:00,C-100405,P-2005,Priya Nair,Regional Sales,Brightway Wealth,WH-E,PrimeSecurities,Retail,ESG,38665.17,13665.34,24999.83,87303.72,CAD
2024-01-19 00:00:00,C-100439,P-2039,Sara Patel,Insider Sales,Lighthouse Advisory,WH-A,DealerOne,Platform,Growth,30523.49,4247.98,26275.51,91258,USD
2024-01-20 00:00:00,C-100364,P-2014,Sara Patel,Insider Sales,Summit Wealth,WH-A,CapitalTrust,Institutional,Income,60083.15,32206.95,27876.2,143046.67,CAD
2024-01-21 00:00:00,C-100101,P-2001,Priya Nair,Regional Sales,Brightway Wealth,WH-E,InvestorHub,Institutional,Balanced,57229.41,57790.55,-561.14,135712.53,CAD
2024-01-22 00:00:00,C-100220,P-2020,Liam O'Connor,Insider Sales,Brightway Wealth,WH-E,InvestorHub,Advisor,Balanced,2816.87,10752.9,-7936.03,54577.7,USD
2024-01-23 00:00:00,C-100280,P-2030,Noah Brown,Regional Sales,Lighthouse Advisory,WH-A,WealthGroup,Institutional,Short-Term,5762.15,61653.75,-55891.6,54228.75,USD
2024-01-23 00:00:00,C-100044,P-2044,Marcus Riley,VP Sales,NorthStar Advisors,WH-E,DealerOne,Platform,Short-Term,71141.27,749.68,70391.59,117332.62,CAD
2024-01-23 00:00:00,C-100017,P-2017,Sara Patel,Insider Sales,Harbor Financial,WH-B,PrimeSecurities,Advisor,Growth,7189.47,31219.58,-24030.11,58536.27,USD
2024-01-27 00:00:00,C-100117,P-2017,Liam O'Connor,Insider Sales,Pioneer Capital,WH-D,CapitalTrust,Platform,Short-Term,77073.97,6822.57,70251.4,126777.44,USD
2024-01-27 00:00:00,C-100310,P-2010,Noah Brown,Regional Sales,BlueCrest Planning,WH-A,PrimeSecurities,Direct,Income,1750.59,14865.28,-13114.69,51712.6,CAD
2024-01-31 00:00:00,C-100105,P-2005,Marcus Riley,VP Sales,Evergreen Advisory,WH-E,PrimeSecurities,Retail,Balanced,45504.2,11617.68,33886.52,112959.56,CAD
2024-02-04 00:00:00,C-100396,P-2046,Alice Chen,VP Sales,Pioneer Capital,WH-D,InvestorHub,Platform,Income,24652.76,30166.19,-5513.43,69638.64,USD
2024-02-05 00:00:00,C-100264,P-2014,Ethan Park,VP Sales,Lighthouse Advisory,WH-A,InvestorHub,Retail,Short-Term,34225.64,57740.38,-23514.74,82311.59,CAD
2024-02-05 00:00:00,C-100238,P-2038,Ethan Park,VP Sales,Pioneer Capital,WH-E,DealerOne,Platform,Income,62593.92,37380.41,25213.51,115045.16,USD
2024-02-08 00:00:00,C-100250,P-2000,Maya Singh,Director Sales,Harbor Financial,WH-B,WealthGroup,Advisor,Balanced,119742.37,721.16,119021.21,173531.42,USD
2024-02-09 00:00:00,C-100251,P-2001,Maya Singh,Director Sales,BlueCrest Planning,WH-D,DealerOne,Platform,Balanced,56066.49,29135.82,26930.67,118054.22,CAD
2024-02-11 00:00:00,C-100406,P-2006,Olivia Gomez,Insider Sales,BlueCrest Planning,WH-C,WealthGroup,Platform,Balanced,38554.61,36506.15,2048.46,103782.76,USD
2024-02-12 00:00:00,C-100259,P-2009,Jamal Carter,Director Sales,Lighthouse Advisory,WH-C,WealthGroup,Platform,Short-Term,28064.64,59061.27,-30996.63,70602.69,USD
2024-02-13 00:00:00,C-100282,P-2032,Alice Chen,VP Sales,Evergreen Advisory,WH-E,DealerOne,Retail,ESG,17622.55,14754.17,2868.38,70018.58,USD
2024-02-14 00:00:00,C-100298,P-2048,Priya Nair,Regional Sales,Beacon Partners,WH-E,DealerOne,Retail,Income,22539.47,21362.38,1177.09,82395.85,CAD
2024-02-15 00:00:00,C-100459,P-2009,Priya Nair,Regional Sales,Harbor Financial,WH-B,DealerOne,Direct,Balanced,4178.19,12336.4,-8158.21,55655.5,USD
2024-02-16 00:00:00,C-100374,P-2024,Marcus Riley,VP Sales,NorthStar Advisors,WH-E,InvestorHub,Advisor,ESG,42712.26,48177.8,-5465.54,94558.55,CAD
2024-02-18 00:00:00,C-100096,P-2046,Jamal Carter,Director Sales,Brightway Wealth,WH-E,WealthGroup,Advisor,Short-Term,48172.14,26918.75,21253.39,113139.79,CAD
2024-02-19 00:00:00,C-100343,P-2043,Marcus Riley,VP Sales,Lighthouse Advisory,WH-D,CapitalTrust,Retail,Balanced,39433.78,4521.81,34911.97,102182.67,CAD
2024-02-21 00:00:00,C-100274,P-2024,Alice Chen,VP Sales,Brightway Wealth,WH-D,CapitalTrust,Institutional,ESG,81181.73,36166.3,45015.43,151148.7,USD
2024-02-21 00:00:00,C-100494,P-2044,Noah Brown,Regional Sales,BlueCrest Planning,WH-D,InvestorHub,Institutional,Growth,40040.44,2875.75,37164.69,98382.79,USD
2024-02-21 00:00:00,C-100154,P-2004,Liam O'Connor,Insider Sales,Pioneer Capital,WH-E,WealthGroup,Retail,Growth,36892.28,30683.99,6208.29,100082.92,CAD
2024-02-22 00:00:00,C-100361,P-2011,Liam O'Connor,Insider Sales,Brightway Wealth,WH-B,InvestorHub,Advisor,Balanced,11897.31,57635.16,-45737.85,67335.21,USD
2024-02-22 00:00:00,C-100026,P-2026,Priya Nair,Regional Sales,Lighthouse Advisory,WH-A,DealerOne,Retail,ESG,2031.94,32759.23,-30727.29,53083.55,USD
2024-02-22 00:00:00,C-100304,P-2004,Sara Patel,Insider Sales,Evergreen Advisory,WH-C,InvestorHub,Direct,Short-Term,23692.19,2461.4,21230.79,68257.69,CAD
2024-02-23 00:00:00,C-100077,P-2027,Sara Patel,Insider Sales,Beacon Partners,WH-E,DealerOne,Institutional,Balanced,33267.58,1506.49,31761.09,69705.22,CAD
2024-02-24 00:00:00,C-100301,P-2001,Priya Nair,Regional Sales,Lighthouse Advisory,WH-E,CapitalTrust,Platform,Balanced,3675.84,60731.46,-57055.62,54415.73,USD
2024-02-28 00:00:00,C-100048,P-2048,Sara Patel,Insider Sales,Brightway Wealth,WH-D,DealerOne,Direct,Income,4584.75,7477.42,-2892.67,54162.36,CAD
2024-03-03 00:00:00,C-100150,P-2000,Ethan Park,VP Sales,Pioneer Capital,WH-E,DealerOne,Direct,Short-Term,24204.41,22009.31,2195.1,76719.9,CAD
2024-03-04 00:00:00,C-100341,P-2041,Liam O'Connor,Insider Sales,Brightway Wealth,WH-C,WealthGroup,Retail,Growth,25994.09,8461.03,17533.06,71480.93,CAD
2024-03-08 00:00:00,C-100380,P-2030,Sara Patel,Insider Sales,Evergreen Advisory,WH-C,DealerOne,Institutional,Short-Term,23795.38,19776.54,4018.84,81368.6,USD
2024-03-12 00:00:00,C-100483,P-2033,Ethan Park,VP Sales,NorthStar Advisors,WH-A,WealthGroup,Platform,Income,1829.79,16555.51,-14725.72,51910.48,USD
2024-03-13 00:00:00,C-100354,P-2004,Sara Patel,Insider Sales,NorthStar Advisors,WH-C,WealthGroup,Advisor,Growth,8517.1,21050.85,-12533.75,60939.19,USD
2024-03-16 00:00:00,C-100230,P-2030,Noah Brown,Regional Sales,NorthStar Advisors,WH-C,InvestorHub,Institutional,Balanced,18653.78,23599.25,-4945.47,69165.78,CAD
2024-03-19 00:00:00,C-100242,P-2042,Marcus Riley,VP Sales,Summit Wealth,WH-E,WealthGroup,Institutional,Income,61772.11,28575.72,33196.39,120756.31,USD
2024-03-20 00:00:00,C-100092,P-2042,Noah Brown,Regional Sales,NorthStar Advisors,WH-C,DealerOne,Retail,Short-Term,50064.64,18378.54,31686.1,135984.5,USD
2024-03-21 00:00:00,C-100453,P-2003,Marcus Riley,VP Sales,Summit Wealth,WH-B,InvestorHub,Advisor,Balanced,43379.89,59477.82,-16097.93,102705.13,USD
2024-03-22 00:00:00,C-100038,P-2038,Noah Brown,Regional Sales,Evergreen Advisory,WH-E,CapitalTrust,Institutional,Balanced,5204.26,10515.61,-5311.35,54989.17,CAD
2024-03-22 00:00:00,C-100173,P-2023,Alice Chen,VP Sales,Harbor Financial,WH-B,PrimeSecurities,Direct,Balanced,52561.45,37130.92,15430.53,126844.65,CAD
2024-03-22 00:00:00,C-100404,P-2004,Noah Brown,Regional Sales,Summit Wealth,WH-C,WealthGroup,Retail,Short-Term,78072.38,19410.8,58661.58,147963.9,CAD
2024-03-23 00:00:00,C-100359,P-2009,Noah Brown,Regional Sales,Harbor Financial,WH-E,DealerOne,Direct,Short-Term,79972.38,5954.81,74017.57,104761.45,CAD
2024-03-24 00:00:00,C-100337,P-2037,Ethan Park,VP Sales,Pioneer Capital,WH-E,DealerOne,Retail,Income,47876.19,58067.18,-10190.99,97645.22,USD
2024-03-24 00:00:00,C-100024,P-2024,Olivia Gomez,Insider Sales,Lighthouse Advisory,WH-B,PrimeSecurities,Institutional,Short-Term,68583.86,1453.9,67129.96,109336.33,USD
2024-03-27 00:00:00,C-100311,P-2011,Noah Brown,Regional Sales,NorthStar Advisors,WH-B,InvestorHub,Advisor,Short-Term,46133.02,7684.63,38448.39,110851.86,USD
2024-03-28 00:00:00,C-100422,P-2022,Sara Patel,Insider Sales,Maple Advisors,WH-C,PrimeSecurities,Institutional,Growth,39445.79,5372.41,34073.38,87884.29,USD
2024-03-30 00:00:00,C-100236,P-2036,Marcus Riley,VP Sales,Maple Advisors,WH-B,WealthGroup,Direct,ESG,20240.08,23336.9,-3096.82,67927.54,USD
2024-04-02 00:00:00,C-100118,P-2018,Ethan Park,VP Sales,Evergreen Advisory,WH-B,PrimeSecurities,Direct,Income,41753.58,321.35,41432.23,83873.17,USD
2024-04-02 00:00:00,C-100240,P-2040,Maya Singh,Director Sales,Summit Wealth,WH-B,InvestorHub,Platform,Short-Term,72336.57,7821.22,64515.35,149519.59,USD
2024-04-03 00:00:00,C-100078,P-2028,Olivia Gomez,Insider Sales,Beacon Partners,WH-D,WealthGroup,Institutional,Growth,78723.95,27229.71,51494.24,188816.4,CAD
2024-04-04 00:00:00,C-100229,P-2029,Noah Brown,Regional Sales,Beacon Partners,WH-B,InvestorHub,Direct,Short-Term,127562.32,24472.6,103089.72,197788.83,CAD
2024-04-05 00:00:00,C-100470,P-2020,Olivia Gomez,Insider Sales,Beacon Partners,WH-C,CapitalTrust,Direct,ESG,36439.4,865.29,35574.11,78714.83,USD
2024-04-07 00:00:00,C-100064,P-2014,Noah Brown,Regional Sales,Lighthouse Advisory,WH-B,WealthGroup,Direct,Balanced,43711.18,12451.93,31259.25,84032.82,CAD
2024-04-08 00:00:00,C-100137,P-2037,Olivia Gomez,Insider Sales,Pioneer Capital,WH-A,WealthGroup,Platform,Balanced,61865.39,13909,47956.39,134005.68,USD
2024-04-09 00:00:00,C-100279,P-2029,Ethan Park,VP Sales,Pioneer Capital,WH-D,DealerOne,Institutional,Short-Term,3530.46,63472.68,-59942.22,54635.39,USD
2024-04-16 00:00:00,C-100010,P-2010,Alice Chen,VP Sales,Harbor Financial,WH-D,CapitalTrust,Retail,Income,10289.49,4431.7,5857.79,64208.95,USD
2024-04-18 00:00:00,C-100091,P-2041,Marcus Riley,VP Sales,Evergreen Advisory,WH-C,InvestorHub,Platform,Income,60552.01,71910.24,-11358.23,147851.93,USD
2024-04-19 00:00:00,C-100471,P-2021,Olivia Gomez,Insider Sales,Evergreen Advisory,WH-D,CapitalTrust,Advisor,Short-Term,68327.14,34102.73,34224.41,116841.69,USD
2024-04-19 00:00:00,C-100133,P-2033,Alice Chen,VP Sales,BlueCrest Planning,WH-D,DealerOne,Advisor,Balanced,71660.03,43199.77,28460.26,112333.11,CAD
2024-04-21 00:00:00,C-100342,P-2042,Olivia Gomez,Insider Sales,Harbor Financial,WH-D,InvestorHub,Advisor,ESG,36458.07,23719.46,12738.61,91380.17,USD
2024-04-21 00:00:00,C-100465,P-2015,Jamal Carter,Director Sales,BlueCrest Planning,WH-C,WealthGroup,Advisor,ESG,116.66,22203.53,-22086.87,50114.84,CAD
2024-04-21 00:00:00,C-100214,P-2014,Noah Brown,Regional Sales,BlueCrest Planning,WH-A,WealthGroup,Retail,ESG,6283.83,6450.54,-166.71,56647.88,CAD
2024-04-24 00:00:00,C-100484,P-2034,Alice Chen,VP Sales,Lighthouse Advisory,WH-C,InvestorHub,Institutional,Short-Term,77303.15,681.65,76621.5,129281.13,CAD
2024-04-26 00:00:00,C-100216,P-2016,Sara Patel,Insider Sales,Lighthouse Advisory,WH-C,WealthGroup,Retail,Balanced,16152.11,17691.63,-1539.52,72881.03,USD
2024-04-26 00:00:00,C-100174,P-2024,Marcus Riley,VP Sales,Evergreen Advisory,WH-D,PrimeSecurities,Direct,Short-Term,79193.81,42859.28,36334.53,141566.6,CAD
2024-04-26 00:00:00,C-100188,P-2038,Olivia Gomez,Insider Sales,Pioneer Capital,WH-D,CapitalTrust,Institutional,Short-Term,7241.21,5976.24,1264.97,58629.66,CAD
2024-04-27 00:00:00,C-100328,P-2028,Marcus Riley,VP Sales,NorthStar Advisors,WH-D,CapitalTrust,Direct,Balanced,40260.03,59428.63,-19168.6,80626.14,USD
2024-04-28 00:00:00,C-100293,P-2043,Noah Brown,Regional Sales,Lighthouse Advisory,WH-A,CapitalTrust,Direct,Short-Term,55115.03,2413.3,52701.73,124793.53,USD
2024-05-01 00:00:00,C-100322,P-2022,Marcus Riley,VP Sales,BlueCrest Planning,WH-B,WealthGroup,Institutional,ESG,28056.83,34581.06,-6524.23,77586.21,USD
2024-05-02 00:00:00,C-100114,P-2014,Noah Brown,Regional Sales,BlueCrest Planning,WH-D,WealthGroup,Direct,Income,42178.37,6151.89,36026.48,105273.9,USD
2024-05-02 00:00:00,C-100172,P-2022,Maya Singh,Director Sales,Summit Wealth,WH-E,WealthGroup,Direct,Balanced,9744.29,13343.01,-3598.72,64042.82,CAD
2024-05-02 00:00:00,C-100148,P-2048,Alice Chen,VP Sales,Harbor Financial,WH-B,PrimeSecurities,Platform,Growth,92.42,49549.54,-49457.12,50095.03,CAD
2024-05-04 00:00:00,C-100196,P-2046,Alice Chen,VP Sales,Lighthouse Advisory,WH-C,PrimeSecurities,Retail,Short-Term,8365.31,8878.51,-513.2,60446.75,CAD
2024-05-04 00:00:00,C-100276,P-2026,Liam O'Connor,Insider Sales,Beacon Partners,WH-C,WealthGroup,Advisor,ESG,68791.35,7163.75,61627.6,154287.75,CAD
2024-05-05 00:00:00,C-100189,P-2039,Noah Brown,Regional Sales,Harbor Financial,WH-A,CapitalTrust,Platform,Income,58408.71,43840.47,14568.24,111040.92,CAD
2024-05-08 00:00:00,C-100451,P-2001,Marcus Riley,VP Sales,Summit Wealth,WH-A,PrimeSecurities,Advisor,Short-Term,23538.67,15853.55,7685.12,82635.55,CAD
2024-05-12 00:00:00,C-100143,P-2043,Liam O'Connor,Insider Sales,Evergreen Advisory,WH-C,DealerOne,Platform,Short-Term,11021.32,18928.32,-7907,60371.13,USD
2024-05-13 00:00:00,C-100054,P-2004,Priya Nair,Regional Sales,Brightway Wealth,WH-C,PrimeSecurities,Platform,Growth,27162.83,19210.53,7952.3,86013.52,USD
2024-05-14 00:00:00,C-100156,P-2006,Ethan Park,VP Sales,Summit Wealth,WH-C,CapitalTrust,Platform,Income,5385.58,11899.47,-6513.89,55938.97,USD
2024-05-15 00:00:00,C-100042,P-2042,Alice Chen,VP Sales,Brightway Wealth,WH-D,CapitalTrust,Retail,Growth,80983.87,1422.84,79561.03,147598.02,USD
2024-05-17 00:00:00,C-100379,P-2029,Marcus Riley,VP Sales,NorthStar Advisors,WH-A,PrimeSecurities,Direct,Balanced,13970.91,8286.31,5684.6,69056.84,USD
2024-05-18 00:00:00,C-100227,P-2027,Marcus Riley,VP Sales,BlueCrest Planning,WH-D,WealthGroup,Advisor,ESG,12173.29,11409.05,764.24,65582.39,USD
2024-05-18 00:00:00,C-100457,P-2007,Noah Brown,Regional Sales,Harbor Financial,WH-D,CapitalTrust,Direct,ESG,16498.14,8186.06,8312.08,64859.94,USD
2024-05-23 00:00:00,C-100084,P-2034,Liam O'Connor,Insider Sales,Harbor Financial,WH-B,WealthGroup,Institutional,Balanced,56899.37,16356.12,40543.25,139263.23,USD
2024-05-24 00:00:00,C-100360,P-2010,Marcus Riley,VP Sales,Evergreen Advisory,WH-C,DealerOne,Direct,Balanced,3365.06,37633.82,-34268.76,54230.33,USD
2024-05-24 00:00:00,C-100030,P-2030,Jamal Carter,Director Sales,Summit Wealth,WH-A,InvestorHub,Direct,Growth,77573.68,46281.78,31291.9,100098.11,USD
2024-05-25 00:00:00,C-100478,P-2028,Sara Patel,Insider Sales,BlueCrest Planning,WH-E,InvestorHub,Platform,Growth,11925.3,27114.55,-15189.25,65943.67,CAD
2024-05-25 00:00:00,C-100270,P-2020,Alice Chen,VP Sales,Harbor Financial,WH-C,PrimeSecurities,Institutional,Income,42325.79,3014.73,39311.06,77102.53,USD
2024-05-25 00:00:00,C-100292,P-2042,Noah Brown,Regional Sales,Evergreen Advisory,WH-D,CapitalTrust,Platform,Growth,61058.99,7834.12,53224.87,112826.61,CAD
2024-05-27 00:00:00,C-100362,P-2012,Maya Singh,Director Sales,NorthStar Advisors,WH-B,InvestorHub,Retail,Short-Term,4320.24,10298.7,-5978.46,54198.38,USD
2024-05-29 00:00:00,C-100492,P-2042,Ethan Park,VP Sales,Maple Advisors,WH-D,CapitalTrust,Advisor,Short-Term,10715.91,35831.5,-25115.59,63499.79,CAD
2024-05-30 00:00:00,C-100180,P-2030,Liam O'Connor,Insider Sales,Lighthouse Advisory,WH-A,DealerOne,Platform,Balanced,61090.19,48357.54,12732.65,133982.01,CAD
2024-06-03 00:00:00,C-100263,P-2013,Jamal Carter,Director Sales,Maple Advisors,WH-E,InvestorHub,Institutional,Growth,80532.51,61798.43,18734.08,165879.12,CAD
2024-06-04 00:00:00,C-100416,P-2016,Sara Patel,Insider Sales,Beacon Partners,WH-D,WealthGroup,Direct,Growth,96686.24,14433.01,82253.23,152977.12,USD
2024-06-08 00:00:00,C-100202,P-2002,Noah Brown,Regional Sales,Beacon Partners,WH-E,WealthGroup,Retail,Balanced,34753.19,9481.68,25271.51,83670.39,CAD
2024-06-09 00:00:00,C-100426,P-2026,Maya Singh,Director Sales,Beacon Partners,WH-B,PrimeSecurities,Institutional,ESG,37151.21,29300.75,7850.46,98277.91,USD
2024-06-10 00:00:00,C-100079,P-2029,Olivia Gomez,Insider Sales,Beacon Partners,WH-A,PrimeSecurities,Retail,Balanced,39.33,24046.82,-24007.49,50060.24,USD
2024-06-11 00:00:00,C-100002,P-2002,Noah Brown,Regional Sales,Evergreen Advisory,WH-E,WealthGroup,Institutional,ESG,1758.99,14042.53,-12283.54,51730.39,USD
2024-06-11 00:00:00,C-100080,P-2030,Marcus Riley,VP Sales,Pioneer Capital,WH-C,DealerOne,Direct,ESG,84177.36,71584.09,12593.27,112226.51,CAD
2024-06-12 00:00:00,C-100452,P-2002,Liam O'Connor,Insider Sales,NorthStar Advisors,WH-B,InvestorHub,Institutional,Income,56817.53,36268.59,20548.94,99800.05,CAD
2024-06-14 00:00:00,C-100049,P-2049,Ethan Park,VP Sales,BlueCrest Planning,WH-B,InvestorHub,Retail,Income,12449.8,21995.2,-9545.4,63141.07,USD
2024-06-17 00:00:00,C-100329,P-2029,Ethan Park,VP Sales,BlueCrest Planning,WH-B,WealthGroup,Advisor,Short-Term,23889.51,18673.06,5216.45,89178.47,CAD
2024-06-17 00:00:00,C-100025,P-2025,Liam O'Connor,Insider Sales,Summit Wealth,WH-B,DealerOne,Retail,ESG,58278.33,9730.01,48548.32,87942.42,USD
2024-06-17 00:00:00,C-100307,P-2007,Marcus Riley,VP Sales,Maple Advisors,WH-A,WealthGroup,Institutional,Income,55786.31,12867.84,42918.47,114760.62,CAD
2024-06-20 00:00:00,C-100234,P-2034,Maya Singh,Director Sales,BlueCrest Planning,WH-B,PrimeSecurities,Direct,Short-Term,42786.21,17860.66,24925.55,107448.38,CAD
2024-06-20 00:00:00,C-100350,P-2000,Liam O'Connor,Insider Sales,Beacon Partners,WH-B,CapitalTrust,Advisor,Short-Term,3887.25,90876.38,-86989.13,55240.38,CAD
2024-06-23 00:00:00,C-100326,P-2026,Alice Chen,VP Sales,BlueCrest Planning,WH-D,WealthGroup,Retail,Short-Term,40963.29,43372.05,-2408.76,97610.85,CAD
2024-06-23 00:00:00,C-100177,P-2027,Sara Patel,Insider Sales,Beacon Partners,WH-B,DealerOne,Institutional,ESG,1509.22,6216.61,-4707.39,51632.21,USD
2024-06-24 00:00:00,C-100331,P-2031,Liam O'Connor,Insider Sales,Harbor Financial,WH-D,PrimeSecurities,Institutional,Balanced,924.51,30938.74,-30014.23,50675.67,USD
2024-06-25 00:00:00,C-100464,P-2014,Jamal Carter,Director Sales,Evergreen Advisory,WH-A,InvestorHub,Retail,ESG,56271.97,29030.6,27241.37,127141.82,CAD
2024-06-28 00:00:00,C-100371,P-2021,Liam O'Connor,Insider Sales,Maple Advisors,WH-D,InvestorHub,Institutional,Balanced,45513.74,29638.38,15875.36,92302.27,CAD
2024-06-29 00:00:00,C-100477,P-2027,Noah Brown,Regional Sales,BlueCrest Planning,WH-B,PrimeSecurities,Institutional,Balanced,40297.66,2672.84,37624.82,98128.6,CAD
2024-06-29 00:00:00,C-100111,P-2011,Alice Chen,VP Sales,Evergreen Advisory,WH-C,PrimeSecurities,Institutional,Balanced,32289.62,65187.94,-32898.32,83052.15,USD
2024-07-04 00:00:00,C-100233,P-2033,Maya Singh,Director Sales,Beacon Partners,WH-C,PrimeSecurities,Retail,Growth,49246.6,32603.12,16643.48,109051.92,CAD
2024-07-06 00:00:00,C-100086,P-2036,Jamal Carter,Director Sales,Summit Wealth,WH-D,PrimeSecurities,Institutional,ESG,44846.46,90501,-45654.54,95398.16,USD
2024-07-08 00:00:00,C-100261,P-2011,Alice Chen,VP Sales,BlueCrest Planning,WH-A,CapitalTrust,Direct,Balanced,29521.59,8174.68,21346.91,66201.3,USD
2024-07-12 00:00:00,C-100353,P-2003,Sara Patel,Insider Sales,Lighthouse Advisory,WH-E,InvestorHub,Advisor,Income,110537.12,8758.87,101778.25,171900.59,USD
2024-07-14 00:00:00,C-100269,P-2019,Olivia Gomez,Insider Sales,Evergreen Advisory,WH-A,CapitalTrust,Institutional,ESG,86504.46,30188.54,56315.92,134933.8,USD
2024-07-15 00:00:00,C-100410,P-2010,Maya Singh,Director Sales,Maple Advisors,WH-B,CapitalTrust,Institutional,Growth,58079.78,35934.08,22145.7,131404.14,CAD
2024-07-19 00:00:00,C-100019,P-2019,Marcus Riley,VP Sales,Lighthouse Advisory,WH-A,PrimeSecurities,Institutional,Income,28309.22,4247.47,24061.75,90082.19,USD
2024-07-24 00:00:00,C-100407,P-2007,Jamal Carter,Director Sales,Brightway Wealth,WH-B,InvestorHub,Advisor,Growth,9324.22,24993.62,-15669.4,63210.19,CAD
2024-07-24 00:00:00,C-100028,P-2028,Olivia Gomez,Insider Sales,Lighthouse Advisory,WH-B,DealerOne,Direct,Short-Term,58606.85,46000.26,12606.59,107731.48,CAD
2024-07-26 00:00:00,C-100052,P-2002,Ethan Park,VP Sales,Harbor Financial,WH-D,PrimeSecurities,Advisor,Growth,80871.74,302.69,80569.05,163819.35,USD
2024-07-28 00:00:00,C-100186,P-2036,Ethan Park,VP Sales,Brightway Wealth,WH-E,WealthGroup,Platform,Balanced,50636.15,6842.6,43793.55,106405.16,CAD
2024-07-31 00:00:00,C-100391,P-2041,Sara Patel,Insider Sales,Harbor Financial,WH-B,CapitalTrust,Retail,Growth,11332.09,4844,6488.09,60484.98,USD
2024-08-02 00:00:00,C-100363,P-2013,Maya Singh,Director Sales,Pioneer Capital,WH-B,CapitalTrust,Platform,Balanced,4706.69,40516.14,-35809.45,55771.97,USD
2024-08-02 00:00:00,C-100368,P-2018,Marcus Riley,VP Sales,Pioneer Capital,WH-D,InvestorHub,Direct,Income,79777.64,479.03,79298.61,174238.55,USD
2024-08-04 00:00:00,C-100488,P-2038,Sara Patel,Insider Sales,Brightway Wealth,WH-D,PrimeSecurities,Advisor,Balanced,6059.27,74738.55,-68679.28,56210.18,CAD
2024-08-05 00:00:00,C-100243,P-2043,Alice Chen,VP Sales,BlueCrest Planning,WH-D,PrimeSecurities,Direct,Balanced,14038.73,18317.04,-4278.31,68812.94,CAD
2024-08-10 00:00:00,C-100167,P-2017,Jamal Carter,Director Sales,Pioneer Capital,WH-A,CapitalTrust,Direct,Growth,13775.36,23237.55,-9462.19,61816.41,USD
2024-08-10 00:00:00,C-100011,P-2011,Liam O'Connor,Insider Sales,Summit Wealth,WH-D,InvestorHub,Platform,Income,34159.14,34021.95,137.19,91358.77,CAD
2024-08-15 00:00:00,C-100491,P-2041,Jamal Carter,Director Sales,Evergreen Advisory,WH-B,InvestorHub,Retail,Short-Term,2886.6,31668.31,-28781.71,54335.47,CAD
2024-08-17 00:00:00,C-100089,P-2039,Liam O'Connor,Insider Sales,BlueCrest Planning,WH-C,CapitalTrust,Institutional,Growth,30540.32,34927.57,-4387.25,84287.6,CAD
2024-08-17 00:00:00,C-100256,P-2006,Sara Patel,Insider Sales,Pioneer Capital,WH-B,PrimeSecurities,Platform,ESG,70250.11,3757.58,66492.53,152994.43,USD
2024-08-17 00:00:00,C-100299,P-2049,Jamal Carter,Director Sales,Harbor Financial,WH-C,DealerOne,Institutional,Income,52909.49,106259.01,-53349.52,109695.49,CAD
2024-08-19 00:00:00,C-100166,P-2016,Olivia Gomez,Insider Sales,Lighthouse Advisory,WH-D,WealthGroup,Advisor,ESG,36910.41,39586.23,-2675.82,93956.22,USD
2024-08-19 00:00:00,C-100057,P-2007,Olivia Gomez,Insider Sales,Evergreen Advisory,WH-D,PrimeSecurities,Advisor,Balanced,46392.37,69177.22,-22784.85,104599.21,USD
2024-08-20 00:00:00,C-100474,P-2024,Olivia Gomez,Insider Sales,Evergreen Advisory,WH-B,PrimeSecurities,Institutional,Growth,59283.68,6932.98,52350.7,104777.59,USD
2024-08-21 00:00:00,C-100409,P-2009,Liam O'Connor,Insider Sales,BlueCrest Planning,WH-D,CapitalTrust,Retail,Growth,130003.45,18928,111075.45,203287.87,CAD
2024-08-23 00:00:00,C-100100,P-2000,Jamal Carter,Director Sales,BlueCrest Planning,WH-C,WealthGroup,Retail,Income,95895.12,48.8,95846.32,163400.55,USD
2024-08-23 00:00:00,C-100020,P-2020,Olivia Gomez,Insider Sales,Pioneer Capital,WH-E,WealthGroup,Institutional,Short-Term,4782.31,28703.56,-23921.25,53465.2,CAD
2024-08-25 00:00:00,C-100265,P-2015,Liam O'Connor,Insider Sales,Lighthouse Advisory,WH-B,CapitalTrust,Platform,Balanced,19318.46,14816.03,4502.43,70962.92,CAD
2024-08-25 00:00:00,C-100248,P-2048,Maya Singh,Director Sales,Pioneer Capital,WH-D,PrimeSecurities,Retail,Growth,20967.08,56956.95,-35989.87,82318.91,CAD
2024-08-25 00:00:00,C-100436,P-2036,Liam O'Connor,Insider Sales,Maple Advisors,WH-C,InvestorHub,Institutional,Growth,67122.3,72999.16,-5876.86,103131.36,USD
2024-08-25 00:00:00,C-100055,P-2005,Priya Nair,Regional Sales,Harbor Financial,WH-D,CapitalTrust,Advisor,Income,107098.11,19535.85,87562.26,157799.69,CAD
2024-08-27 00:00:00,C-100170,P-2020,Alice Chen,VP Sales,Lighthouse Advisory,WH-D,InvestorHub,Institutional,ESG,6878.06,9726.88,-2848.82,57174.19,CAD
2024-08-28 00:00:00,C-100351,P-2001,Ethan Park,VP Sales,Brightway Wealth,WH-B,CapitalTrust,Retail,Income,38908.48,3487.68,35420.8,102641,USD
2024-08-28 00:00:00,C-100245,P-2045,Alice Chen,VP Sales,Beacon Partners,WH-E,InvestorHub,Platform,Short-Term,18122.73,16387.44,1735.29,72663.02,USD
2024-08-29 00:00:00,C-100423,P-2023,Liam O'Connor,Insider Sales,Pioneer Capital,WH-C,PrimeSecurities,Institutional,Income,27454.91,35193,-7738.09,86804.79,CAD
2024-09-02 00:00:00,C-100398,P-2048,Jamal Carter,Director Sales,Pioneer Capital,WH-A,WealthGroup,Retail,ESG,8138.51,39280.2,-31141.69,62634.82,USD
2024-09-05 00:00:00,C-100479,P-2029,Jamal Carter,Director Sales,BlueCrest Planning,WH-D,CapitalTrust,Platform,Balanced,9876.56,5853.05,4023.51,58067.97,USD
2024-09-07 00:00:00,C-100181,P-2031,Maya Singh,Director Sales,Beacon Partners,WH-E,WealthGroup,Direct,Short-Term,22995.23,63880.12,-40884.89,83217.63,CAD
2024-09-13 00:00:00,C-100323,P-2023,Marcus Riley,VP Sales,Brightway Wealth,WH-A,CapitalTrust,Direct,Balanced,31542.93,1044.77,30498.16,79879.98,USD
2024-09-15 00:00:00,C-100059,P-2009,Marcus Riley,VP Sales,Evergreen Advisory,WH-C,InvestorHub,Institutional,Income,48444.22,33694.83,14749.39,118862.43,CAD
2024-09-18 00:00:00,C-100427,P-2027,Liam O'Connor,Insider Sales,Maple Advisors,WH-A,DealerOne,Institutional,Short-Term,92021.9,62393.75,29628.15,169971.1,CAD
2024-09-21 00:00:00,C-100346,P-2046,Priya Nair,Regional Sales,Summit Wealth,WH-A,PrimeSecurities,Institutional,ESG,60457.93,56819.29,3638.64,140024.07,USD
2024-09-21 00:00:00,C-100014,P-2014,Priya Nair,Regional Sales,Beacon Partners,WH-D,PrimeSecurities,Platform,Short-Term,36799.96,13282.05,23517.91,94822.74,CAD
2024-09-22 00:00:00,C-100192,P-2042,Sara Patel,Insider Sales,NorthStar Advisors,WH-B,PrimeSecurities,Institutional,ESG,942.07,36055.72,-35113.65,51119.65,CAD
2024-09-23 00:00:00,C-100318,P-2018,Maya Singh,Director Sales,Summit Wealth,WH-E,CapitalTrust,Direct,Income,2289.8,24965.78,-22675.98,51910.77,CAD
2024-09-25 00:00:00,C-100176,P-2026,Ethan Park,VP Sales,Harbor Financial,WH-B,InvestorHub,Retail,Income,53099.47,3615.03,49484.44,114217.52,USD
2024-09-27 00:00:00,C-100112,P-2012,Marcus Riley,VP Sales,Maple Advisors,WH-E,InvestorHub,Institutional,Balanced,78217.54,71979.52,6238.02,151645.62,CAD
2024-09-28 00:00:00,C-100499,P-2049,Alice Chen,VP Sales,Maple Advisors,WH-A,DealerOne,Advisor,ESG,14139.02,54046.97,-39907.95,69755.94,CAD
2024-09-28 00:00:00,C-100093,P-2043,Liam O'Connor,Insider Sales,Brightway Wealth,WH-A,PrimeSecurities,Platform,ESG,823.42,5603.79,-4780.37,50955.07,USD
2024-10-03 00:00:00,C-100175,P-2025,Olivia Gomez,Insider Sales,Harbor Financial,WH-B,CapitalTrust,Institutional,Growth,9700.68,15104.33,-5403.65,59568.73,CAD
2024-10-03 00:00:00,C-100217,P-2017,Alice Chen,VP Sales,Brightway Wealth,WH-D,CapitalTrust,Advisor,Income,15545.89,23562.6,-8016.71,65861.11,CAD
2024-10-04 00:00:00,C-100204,P-2004,Liam O'Connor,Insider Sales,Beacon Partners,WH-E,DealerOne,Advisor,Short-Term,11241.43,41245.51,-30004.08,61928.68,CAD
2024-10-04 00:00:00,C-100023,P-2023,Marcus Riley,VP Sales,Maple Advisors,WH-B,DealerOne,Retail,Balanced,58047.62,51795.12,6252.5,101163.32,CAD
2024-10-04 00:00:00,C-100376,P-2026,Marcus Riley,VP Sales,Brightway Wealth,WH-A,CapitalTrust,Platform,Balanced,17087.81,607.28,16480.53,68763.96,CAD
2024-10-05 00:00:00,C-100205,P-2005,Olivia Gomez,Insider Sales,Summit Wealth,WH-A,PrimeSecurities,Platform,Income,29085.16,28532.03,553.13,82858.07,USD
2024-10-06 00:00:00,C-100067,P-2017,Priya Nair,Regional Sales,NorthStar Advisors,WH-B,DealerOne,Direct,ESG,120265.47,35581.02,84684.45,176064.07,USD
2024-10-06 00:00:00,C-100050,P-2000,Olivia Gomez,Insider Sales,Brightway Wealth,WH-C,CapitalTrust,Advisor,ESG,114126.77,3952.11,110174.66,163045.07,USD
2024-10-08 00:00:00,C-100069,P-2019,Liam O'Connor,Insider Sales,Maple Advisors,WH-C,CapitalTrust,Direct,ESG,14055.61,70927.59,-56871.98,65049.27,CAD
2024-10-10 00:00:00,C-100309,P-2009,Alice Chen,VP Sales,Maple Advisors,WH-E,PrimeSecurities,Direct,Growth,27526.62,21879.47,5647.15,83546.87,CAD
2024-10-10 00:00:00,C-100108,P-2008,Ethan Park,VP Sales,Summit Wealth,WH-D,CapitalTrust,Direct,Short-Term,22929.64,67228.29,-44298.65,73352.26,CAD
2024-10-11 00:00:00,C-100136,P-2036,Sara Patel,Insider Sales,Evergreen Advisory,WH-D,PrimeSecurities,Platform,Growth,2291.24,5354.34,-3063.1,52091.53,USD
2024-10-11 00:00:00,C-100378,P-2028,Ethan Park,VP Sales,Evergreen Advisory,WH-B,WealthGroup,Advisor,ESG,72268.54,9080.75,63187.79,103669.84,CAD
2024-10-11 00:00:00,C-100440,P-2040,Marcus Riley,VP Sales,Brightway Wealth,WH-C,InvestorHub,Direct,Income,44494.39,28661.38,15833.01,98671.51,CAD
2024-10-16 00:00:00,C-100135,P-2035,Sara Patel,Insider Sales,BlueCrest Planning,WH-D,CapitalTrust,Platform,Growth,117728.21,1304.04,116424.17,188869.14,USD
2024-10-16 00:00:00,C-100306,P-2006,Sara Patel,Insider Sales,NorthStar Advisors,WH-E,WealthGroup,Institutional,Short-Term,106967.16,20343.18,86623.98,171348.78,CAD
2024-10-18 00:00:00,C-100393,P-2043,Noah Brown,Regional Sales,Harbor Financial,WH-A,WealthGroup,Advisor,Income,5416,18317.1,-12901.1,56759.84,USD
2024-10-19 00:00:00,C-100312,P-2012,Olivia Gomez,Insider Sales,Summit Wealth,WH-A,CapitalTrust,Direct,ESG,44080.15,56307.38,-12227.23,102097.2,CAD
2024-10-19 00:00:00,C-100232,P-2032,Olivia Gomez,Insider Sales,Beacon Partners,WH-E,DealerOne,Advisor,Income,18534.97,28238.24,-9703.27,64150.87,CAD
2024-10-20 00:00:00,C-100074,P-2024,Olivia Gomez,Insider Sales,Brightway Wealth,WH-D,DealerOne,Advisor,Growth,43873.08,31531.95,12341.13,86307.51,USD
2024-10-21 00:00:00,C-100218,P-2018,Maya Singh,Director Sales,Lighthouse Advisory,WH-A,InvestorHub,Retail,Income,55817.01,32303.11,23513.9,119752.28,USD
2024-10-21 00:00:00,C-100247,P-2047,Marcus Riley,VP Sales,Summit Wealth,WH-C,CapitalTrust,Advisor,Balanced,16789.81,76676.55,-59886.74,73725.01,CAD
2024-10-22 00:00:00,C-100281,P-2031,Maya Singh,Director Sales,Maple Advisors,WH-E,WealthGroup,Platform,Growth,45137.16,51646.68,-6509.52,103859.84,USD
2024-10-25 00:00:00,C-100122,P-2022,Marcus Riley,VP Sales,Harbor Financial,WH-E,WealthGroup,Platform,ESG,67071.34,4578.97,62492.37,124021.99,CAD
2024-10-25 00:00:00,C-100147,P-2047,Sara Patel,Insider Sales,NorthStar Advisors,WH-E,CapitalTrust,Institutional,Growth,21126.96,2265.92,18861.04,79026.79,CAD
2024-10-26 00:00:00,C-100385,P-2035,Olivia Gomez,Insider Sales,Evergreen Advisory,WH-A,DealerOne,Direct,Short-Term,3699.41,12893.38,-9193.97,53359.08,USD
2024-10-29 00:00:00,C-100184,P-2034,Liam O'Connor,Insider Sales,Lighthouse Advisory,WH-E,PrimeSecurities,Advisor,Income,80890.12,33886.28,47003.84,136186.32,USD
2024-11-01 00:00:00,C-100022,P-2022,Marcus Riley,VP Sales,Harbor Financial,WH-A,PrimeSecurities,Advisor,Income,12305.25,25753.24,-13447.99,64354.73,CAD
2024-11-02 00:00:00,C-100260,P-2010,Marcus Riley,VP Sales,Beacon Partners,WH-E,WealthGroup,Direct,Balanced,77677.74,25179.08,52498.66,119750.52,CAD
2024-11-03 00:00:00,C-100226,P-2026,Alice Chen,VP Sales,Harbor Financial,WH-E,PrimeSecurities,Platform,ESG,48870.9,5000.08,43870.82,118950.55,CAD
2024-11-06 00:00:00,C-100110,P-2010,Priya Nair,Regional Sales,Maple Advisors,WH-B,PrimeSecurities,Platform,Short-Term,115287.93,16009.14,99278.79,270616.2,USD
2024-11-07 00:00:00,C-100289,P-2039,Maya Singh,Director Sales,Maple Advisors,WH-D,PrimeSecurities,Retail,Income,62738.55,22272.83,40465.72,102831.74,CAD
2024-11-09 00:00:00,C-100290,P-2040,Liam O'Connor,Insider Sales,Evergreen Advisory,WH-E,InvestorHub,Retail,Income,57098.84,50.37,57048.47,110211.21,USD
2024-11-15 00:00:00,C-100061,P-2011,Liam O'Connor,Insider Sales,Summit Wealth,WH-B,InvestorHub,Retail,Growth,57501.03,82259.26,-24758.23,98561.71,USD
2024-11-19 00:00:00,C-100473,P-2023,Marcus Riley,VP Sales,Lighthouse Advisory,WH-A,CapitalTrust,Platform,Balanced,12924.62,19308.98,-6384.36,62992.18,USD
2024-11-22 00:00:00,C-100461,P-2011,Olivia Gomez,Insider Sales,Lighthouse Advisory,WH-C,CapitalTrust,Direct,Short-Term,67534.99,24864.01,42670.98,129231.12,CAD
2024-11-23 00:00:00,C-100001,P-2001,Maya Singh,Director Sales,Summit Wealth,WH-A,DealerOne,Retail,Income,70449.69,27042.8,43406.89,147584.07,CAD
2024-11-25 00:00:00,C-100325,P-2025,Alice Chen,VP Sales,Brightway Wealth,WH-C,PrimeSecurities,Retail,Short-Term,53965.5,43278.27,10687.23,103427.82,USD
2024-11-26 00:00:00,C-100228,P-2028,Sara Patel,Insider Sales,Harbor Financial,WH-A,WealthGroup,Direct,Short-Term,41110.73,32695.9,8414.83,84088.81,USD
2024-11-29 00:00:00,C-100486,P-2036,Priya Nair,Regional Sales,Maple Advisors,WH-A,PrimeSecurities,Institutional,Balanced,46634.77,38542.53,8092.24,113927.1,CAD
2024-11-29 00:00:00,C-100200,P-2000,Ethan Park,VP Sales,NorthStar Advisors,WH-B,DealerOne,Platform,ESG,21515.65,40362.3,-18846.65,81511.15,CAD
2024-12-01 00:00:00,C-100414,P-2014,Marcus Riley,VP Sales,Beacon Partners,WH-E,CapitalTrust,Retail,Growth,40756.48,14250.76,26505.72,91406.61,CAD
2024-12-04 00:00:00,C-100455,P-2005,Alice Chen,VP Sales,Beacon Partners,WH-E,PrimeSecurities,Direct,Growth,2877.59,10843.86,-7966.27,52132.2,USD
2024-12-10 00:00:00,C-100469,P-2019,Noah Brown,Regional Sales,Maple Advisors,WH-A,WealthGroup,Institutional,Income,25288.45,26513.18,-1224.73,76834.74,CAD
2024-12-10 00:00:00,C-100272,P-2022,Ethan Park,VP Sales,Evergreen Advisory,WH-A,CapitalTrust,Direct,Income,18461.31,22355.32,-3894.01,73389.39,USD
2024-12-10 00:00:00,C-100333,P-2033,Ethan Park,VP Sales,Summit Wealth,WH-C,WealthGroup,Platform,Growth,17436.74,7694.63,9742.11,67224.61,CAD
2024-12-12 00:00:00,C-100060,P-2010,Jamal Carter,Director Sales,Lighthouse Advisory,WH-E,DealerOne,Direct,ESG,40023.52,29147.68,10875.84,99680.14,CAD
2024-12-13 00:00:00,C-100183,P-2033,Liam O'Connor,Insider Sales,Brightway Wealth,WH-C,DealerOne,Advisor,Income,80543.64,48904.84,31638.8,157043.73,CAD
2024-12-13 00:00:00,C-100081,P-2031,Ethan Park,VP Sales,Lighthouse Advisory,WH-B,WealthGroup,Institutional,Short-Term,20434.62,18779.92,1654.7,77176.75,USD
2024-12-16 00:00:00,C-100012,P-2012,Maya Singh,Director Sales,Summit Wealth,WH-E,WealthGroup,Platform,Income,70774.86,37735.94,33038.92,118176.4,CAD
2024-12-17 00:00:00,C-100027,P-2027,Jamal Carter,Director Sales,Evergreen Advisory,WH-B,PrimeSecurities,Direct,Income,43865.68,31426.74,12438.94,105007.85,USD
2024-12-17 00:00:00,C-100316,P-2016,Marcus Riley,VP Sales,BlueCrest Planning,WH-E,PrimeSecurities,Retail,Income,9290.98,19748.99,-10458.01,62014.86,USD
2024-12-18 00:00:00,C-100140,P-2040,Olivia Gomez,Insider Sales,Lighthouse Advisory,WH-A,DealerOne,Institutional,Short-Term,57502.42,44420.75,13081.67,116461.52,CAD
2024-12-19 00:00:00,C-100130,P-2030,Priya Nair,Regional Sales,Beacon Partners,WH-C,PrimeSecurities,Platform,Balanced,9834.59,36358.84,-26524.25,64333.19,CAD
2024-12-19 00:00:00,C-100082,P-2032,Liam O'Connor,Insider Sales,Summit Wealth,WH-E,CapitalTrust,Platform,Income,24550.9,37139.82,-12588.92,80544.87,CAD
2024-12-21 00:00:00,C-100244,P-2044,Priya Nair,Regional Sales,NorthStar Advisors,WH-C,CapitalTrust,Direct,Balanced,84034.13,57710.53,26323.6,151932.56,CAD
2024-12-24 00:00:00,C-100009,P-2009,Liam O'Connor,Insider Sales,Summit Wealth,WH-C,PrimeSecurities,Institutional,Balanced,49978.75,60324.61,-10345.86,112572.9,CAD
2024-12-27 00:00:00,C-100317,P-2017,Jamal Carter,Director Sales,Beacon Partners,WH-B,WealthGroup,Retail,Balanced,43301.71,42865.15,436.56,104666.18,CAD
2024-12-28 00:00:00,C-100395,P-2045,Alice Chen,VP Sales,Evergreen Advisory,WH-A,WealthGroup,Platform,ESG,10592.26,21070.01,-10477.75,57469.54,CAD
2024-12-29 00:00:00,C-100103,P-2003,Liam O'Connor,Insider Sales,BlueCrest Planning,WH-D,CapitalTrust,Advisor,Short-Term,68583.72,56671.84,11911.88,151375,USD
2024-12-29 00:00:00,C-100195,P-2045,Priya Nair,Regional Sales,Pioneer Capital,WH-E,WealthGroup,Institutional,Income,11736.54,30544.22,-18807.68,61666.99,CAD
2024-12-30 00:00:00,C-100171,P-2021,Marcus Riley,VP Sales,Summit Wealth,WH-A,WealthGroup,Retail,ESG,1355.94,31912.12,-30556.18,51861.08,CAD
2024-12-30 00:00:00,C-100296,P-2046,Noah Brown,Regional Sales,Pioneer Capital,WH-B,WealthGroup,Institutional,Balanced,59993.38,52709.42,7283.96,133144.31,CAD
2024-12-30 00:00:00,C-100258,P-2008,Jamal Carter,Director Sales,Evergreen Advisory,WH-C,PrimeSecurities,Platform,Income,63091.74,100386.38,-37294.64,114204.44,USD
2024-12-31 00:00:00,C-100472,P-2022,Alice Chen,VP Sales,Pioneer Capital,WH-C,PrimeSecurities,Advisor,Short-Term,27791.17,43260.58,-15469.41,77950.7,USD
2024-12-31 00:00:00,C-100437,P-2037,Marcus Riley,VP Sales,Maple Advisors,WH-A,WealthGroup,Direct,ESG,18812.06,6936.1,11875.96,71591.34,CAD
2025-01-01 00:00:00,C-100495,P-2045,Marcus Riley,VP Sales,Pioneer Capital,WH-C,PrimeSecurities,Advisor,Income,80726.4,24778,55948.4,156278.13,USD
2025-01-01 00:00:00,C-100032,P-2032,Jamal Carter,Director Sales,Maple Advisors,WH-E,PrimeSecurities,Retail,Balanced,6123.21,18516.19,-12392.98,56135.64,CAD
2025-01-02 00:00:00,C-100036,P-2036,Jamal Carter,Director Sales,Harbor Financial,WH-B,CapitalTrust,Direct,Income,23364.9,59674.32,-36309.42,71747.43,USD
2025-01-03 00:00:00,C-100072,P-2022,Marcus Riley,VP Sales,Summit Wealth,WH-B,WealthGroup,Institutional,Growth,55749.1,11410.3,44338.8,137257.51,USD
2025-01-03 00:00:00,C-100382,P-2032,Alice Chen,VP Sales,Evergreen Advisory,WH-D,WealthGroup,Retail,Income,25400.93,4277.97,21122.96,73564.98,USD
2025-01-03 00:00:00,C-100344,P-2044,Alice Chen,VP Sales,Harbor Financial,WH-A,InvestorHub,Institutional,Short-Term,42960.44,3915.23,39045.21,116263.15,CAD
2025-01-07 00:00:00,C-100332,P-2032,Liam O'Connor,Insider Sales,Harbor Financial,WH-B,WealthGroup,Platform,Balanced,18811.34,33989.26,-15177.92,64685.75,USD
2025-01-11 00:00:00,C-100146,P-2046,Maya Singh,Director Sales,Evergreen Advisory,WH-B,CapitalTrust,Institutional,Short-Term,65204.09,3223.12,61980.97,117660.15,CAD
2025-01-11 00:00:00,C-100045,P-2045,Sara Patel,Insider Sales,Maple Advisors,WH-C,CapitalTrust,Retail,Balanced,29394.4,22273.71,7120.69,96968.79,CAD
2025-01-14 00:00:00,C-100450,P-2000,Noah Brown,Regional Sales,Summit Wealth,WH-E,WealthGroup,Advisor,Income,12901.33,12448.92,452.41,57569.43,USD
2025-01-15 00:00:00,C-100253,P-2003,Maya Singh,Director Sales,Lighthouse Advisory,WH-B,PrimeSecurities,Advisor,ESG,72937.8,2690.98,70246.82,188108.62,CAD
2025-01-16 00:00:00,C-100113,P-2013,Marcus Riley,VP Sales,Evergreen Advisory,WH-A,WealthGroup,Retail,Income,87703.78,23333.57,64370.21,133312.86,USD
2025-01-16 00:00:00,C-100375,P-2025,Ethan Park,VP Sales,Brightway Wealth,WH-D,InvestorHub,Direct,Growth,66046.17,20743.5,45302.67,111907.02,CAD
2025-01-18 00:00:00,C-100021,P-2021,Priya Nair,Regional Sales,Harbor Financial,WH-D,PrimeSecurities,Direct,Growth,28160.36,43820.77,-15660.41,83211.52,CAD
2025-01-19 00:00:00,C-100094,P-2044,Ethan Park,VP Sales,NorthStar Advisors,WH-A,CapitalTrust,Direct,Growth,43060.64,31314.08,11746.56,105590.87,CAD
2025-01-23 00:00:00,C-100493,P-2043,Marcus Riley,VP Sales,Maple Advisors,WH-A,DealerOne,Direct,ESG,115115.48,3144.92,111970.56,201810.6,USD
2025-01-23 00:00:00,C-100199,P-2049,Jamal Carter,Director Sales,Summit Wealth,WH-A,CapitalTrust,Institutional,Growth,43350.71,17089.59,26261.12,98520.15,USD
2025-01-23 00:00:00,C-100352,P-2002,Noah Brown,Regional Sales,Summit Wealth,WH-D,PrimeSecurities,Institutional,Short-Term,6981.56,22546.44,-15564.88,59478.86,USD
2025-01-25 00:00:00,C-100106,P-2006,Liam O'Connor,Insider Sales,Pioneer Capital,WH-D,CapitalTrust,Institutional,Short-Term,44183.24,59490.92,-15307.68,110200.52,USD
2025-01-29 00:00:00,C-100134,P-2034,Olivia Gomez,Insider Sales,Harbor Financial,WH-D,InvestorHub,Institutional,Income,122193.91,70491.98,51701.93,169634.97,USD
2025-01-29 00:00:00,C-100121,P-2021,Sara Patel,Insider Sales,Summit Wealth,WH-B,DealerOne,Direct,Balanced,216.5,15457.24,-15240.74,50255.8,USD
2025-01-30 00:00:00,C-100308,P-2008,Alice Chen,VP Sales,Evergreen Advisory,WH-E,WealthGroup,Platform,Growth,3674.65,58760.4,-55085.75,53143.08,USD
2025-01-31 00:00:00,C-100043,P-2043,Olivia Gomez,Insider Sales,NorthStar Advisors,WH-D,PrimeSecurities,Direct,Short-Term,24448.88,53171.33,-28722.45,73239.97,CAD
2025-02-01 00:00:00,C-100387,P-2037,Marcus Riley,VP Sales,BlueCrest Planning,WH-A,PrimeSecurities,Institutional,Income,10218.48,40865.98,-30647.5,61309.66,USD
2025-02-01 00:00:00,C-100169,P-2019,Jamal Carter,Director Sales,BlueCrest Planning,WH-B,InvestorHub,Platform,Balanced,46222.27,35039.5,11182.77,120272.16,USD
2025-02-04 00:00:00,C-100062,P-2012,Sara Patel,Insider Sales,Pioneer Capital,WH-D,DealerOne,Advisor,Income,89471.71,12388.67,77083.04,162739.4,CAD
2025-02-05 00:00:00,C-100295,P-2045,Jamal Carter,Director Sales,BlueCrest Planning,WH-B,WealthGroup,Retail,Short-Term,33481.44,47147.42,-13665.98,104477.29,USD
2025-02-05 00:00:00,C-100203,P-2003,Marcus Riley,VP Sales,Maple Advisors,WH-B,WealthGroup,Advisor,ESG,23761.97,27202.04,-3440.07,75421.07,CAD
2025-02-06 00:00:00,C-100034,P-2034,Marcus Riley,VP Sales,Beacon Partners,WH-A,InvestorHub,Direct,Growth,39676.38,18284.91,21391.47,85752.77,CAD
2025-02-06 00:00:00,C-100237,P-2037,Ethan Park,VP Sales,Beacon Partners,WH-B,CapitalTrust,Platform,Balanced,89752.08,48454.65,41297.43,167173.24,USD
2025-02-06 00:00:00,C-100249,P-2049,Ethan Park,VP Sales,Lighthouse Advisory,WH-E,WealthGroup,Institutional,Short-Term,6588.18,63966.46,-57378.28,59149.47,CAD
2025-02-07 00:00:00,C-100339,P-2039,Marcus Riley,VP Sales,BlueCrest Planning,WH-B,PrimeSecurities,Advisor,Short-Term,35935.05,36398.9,-463.85,84081.53,CAD
2025-02-07 00:00:00,C-100392,P-2042,Olivia Gomez,Insider Sales,Pioneer Capital,WH-A,CapitalTrust,Advisor,Growth,61625.81,41227.87,20397.94,111141.27,USD
2025-02-08 00:00:00,C-100444,P-2044,Alice Chen,VP Sales,Harbor Financial,WH-A,WealthGroup,Retail,Balanced,39977.45,13054.44,26923.01,89857.78,USD
2025-02-11 00:00:00,C-100489,P-2039,Alice Chen,VP Sales,BlueCrest Planning,WH-C,WealthGroup,Advisor,Short-Term,13719.24,8403.82,5315.42,64615.72,USD
2025-02-11 00:00:00,C-100335,P-2035,Liam O'Connor,Insider Sales,NorthStar Advisors,WH-C,InvestorHub,Platform,Income,31457.59,15314.72,16142.87,88204.94,USD
2025-02-13 00:00:00,C-100347,P-2047,Alice Chen,VP Sales,Evergreen Advisory,WH-B,CapitalTrust,Retail,Short-Term,68343.4,65226.38,3117.02,130991.47,CAD
2025-02-16 00:00:00,C-100099,P-2049,Sara Patel,Insider Sales,Maple Advisors,WH-D,WealthGroup,Advisor,ESG,49324.56,63278.77,-13954.21,115415.47,USD
2025-02-17 00:00:00,C-100481,P-2031,Jamal Carter,Director Sales,Pioneer Capital,WH-A,WealthGroup,Advisor,Balanced,37006.22,20466.23,16539.99,98353.81,USD
2025-02-20 00:00:00,C-100153,P-2003,Sara Patel,Insider Sales,BlueCrest Planning,WH-E,PrimeSecurities,Advisor,Balanced,23006.8,19334.84,3671.96,74488.47,USD
2025-02-20 00:00:00,C-100386,P-2036,Priya Nair,Regional Sales,Summit Wealth,WH-A,PrimeSecurities,Advisor,Short-Term,31960.74,19372.02,12588.72,78913.41,CAD
2025-03-05 00:00:00,C-100384,P-2034,Noah Brown,Regional Sales,NorthStar Advisors,WH-D,DealerOne,Retail,Short-Term,75207.94,17652.48,57555.46,131864.99,CAD
2025-03-08 00:00:00,C-100151,P-2001,Noah Brown,Regional Sales,BlueCrest Planning,WH-D,DealerOne,Retail,ESG,28708.26,63042.88,-34334.62,82782.68,USD
2025-03-14 00:00:00,C-100336,P-2036,Marcus Riley,VP Sales,Lighthouse Advisory,WH-E,WealthGroup,Advisor,ESG,2039.45,27683.34,-25643.89,51490.83,USD
2025-03-14 00:00:00,C-100128,P-2028,Noah Brown,Regional Sales,NorthStar Advisors,WH-A,WealthGroup,Platform,Short-Term,116066.07,36879.08,79186.99,183181.55,USD
2025-03-18 00:00:00,C-100255,P-2005,Sara Patel,Insider Sales,Summit Wealth,WH-B,WealthGroup,Advisor,Short-Term,31478.44,26468.16,5010.28,81951.41,USD
2025-03-18 00:00:00,C-100475,P-2025,Sara Patel,Insider Sales,Maple Advisors,WH-D,CapitalTrust,Platform,ESG,49345.55,22263.92,27081.63,130123.34,USD
2025-03-21 00:00:00,C-100139,P-2039,Marcus Riley,VP Sales,Lighthouse Advisory,WH-C,WealthGroup,Retail,Income,38.83,89141.17,-89102.34,50044.94,CAD
2025-03-23 00:00:00,C-100165,P-2015,Maya Singh,Director Sales,Beacon Partners,WH-A,DealerOne,Institutional,Income,20267.06,10505.74,9761.32,67028.81,CAD
2025-03-23 00:00:00,C-100076,P-2026,Sara Patel,Insider Sales,Lighthouse Advisory,WH-A,PrimeSecurities,Institutional,ESG,35396.86,26731.08,8665.78,75835.23,USD
2025-03-24 00:00:00,C-100160,P-2010,Liam O'Connor,Insider Sales,Evergreen Advisory,WH-A,CapitalTrust,Advisor,Balanced,135430.48,5529.43,129901.05,190737.14,CAD
2025-03-27 00:00:00,C-100448,P-2048,Liam O'Connor,Insider Sales,BlueCrest Planning,WH-B,CapitalTrust,Advisor,Growth,19971.7,31505.71,-11534.01,80520.02,CAD
2025-03-28 00:00:00,C-100031,P-2031,Liam O'Connor,Insider Sales,BlueCrest Planning,WH-D,PrimeSecurities,Direct,Income,48963.73,6957.88,42005.85,108330.19,CAD
2025-03-29 00:00:00,C-100066,P-2016,Olivia Gomez,Insider Sales,Harbor Financial,WH-C,PrimeSecurities,Retail,Income,15565.61,9697.08,5868.53,73982.43,CAD
2025-03-30 00:00:00,C-100324,P-2024,Sara Patel,Insider Sales,Brightway Wealth,WH-B,WealthGroup,Direct,Short-Term,91891.17,39687.97,52203.2,110000.33,USD
2025-03-30 00:00:00,C-100040,P-2040,Marcus Riley,VP Sales,NorthStar Advisors,WH-C,DealerOne,Retail,Short-Term,20088.45,31466.8,-11378.35,76417.69,CAD
2025-03-31 00:00:00,C-100144,P-2044,Priya Nair,Regional Sales,BlueCrest Planning,WH-B,DealerOne,Direct,Growth,52553.53,26003.48,26550.05,126824.99,CAD
2025-03-31 00:00:00,C-100201,P-2001,Liam O'Connor,Insider Sales,Beacon Partners,WH-A,DealerOne,Retail,Balanced,52343.43,8008.26,44335.17,123355.11,CAD
2025-04-01 00:00:00,C-100056,P-2006,Priya Nair,Regional Sales,NorthStar Advisors,WH-E,PrimeSecurities,Platform,ESG,56169.23,70839.1,-14669.87,109213.02,CAD
2025-04-02 00:00:00,C-100215,P-2015,Ethan Park,VP Sales,Brightway Wealth,WH-A,CapitalTrust,Platform,Balanced,1204.39,17735.41,-16531.02,51395.41,USD
2025-04-02 00:00:00,C-100366,P-2016,Priya Nair,Regional Sales,Lighthouse Advisory,WH-A,DealerOne,Direct,Short-Term,27678.22,9754.4,17923.82,83893.41,USD
2025-04-02 00:00:00,C-100070,P-2020,Jamal Carter,Director Sales,BlueCrest Planning,WH-D,WealthGroup,Retail,ESG,24042.12,13249.96,10792.16,77997.82,USD
2025-04-03 00:00:00,C-100041,P-2041,Olivia Gomez,Insider Sales,Beacon Partners,WH-B,CapitalTrust,Institutional,Balanced,31043.2,24951.92,6091.28,86239.71,USD
2025-04-06 00:00:00,C-100408,P-2008,Sara Patel,Insider Sales,Lighthouse Advisory,WH-D,CapitalTrust,Direct,Growth,14483.27,56602.41,-42119.14,72155.57,USD
2025-04-06 00:00:00,C-100367,P-2017,Liam O'Connor,Insider Sales,Lighthouse Advisory,WH-C,PrimeSecurities,Retail,Growth,20927.37,5015.77,15911.6,71401.28,USD
2025-04-08 00:00:00,C-100418,P-2018,Alice Chen,VP Sales,Beacon Partners,WH-E,PrimeSecurities,Institutional,Balanced,125496.3,1834.21,123662.09,180944.3,USD
2025-04-08 00:00:00,C-100267,P-2017,Priya Nair,Regional Sales,Lighthouse Advisory,WH-B,CapitalTrust,Retail,Growth,60389.06,20046.5,40342.56,106862.09,USD
2025-04-10 00:00:00,C-100161,P-2011,Maya Singh,Director Sales,Evergreen Advisory,WH-D,PrimeSecurities,Advisor,Short-Term,70722.64,561.15,70161.49,154933.44,CAD
2025-04-10 00:00:00,C-100123,P-2023,Jamal Carter,Director Sales,BlueCrest Planning,WH-B,DealerOne,Direct,Growth,57296.69,37215.82,20080.87,113620.93,CAD
2025-04-11 00:00:00,C-100142,P-2042,Liam O'Connor,Insider Sales,Beacon Partners,WH-D,CapitalTrust,Retail,Balanced,25520.02,13847.06,11672.96,67779.38,CAD
2025-04-11 00:00:00,C-100403,P-2003,Priya Nair,Regional Sales,Lighthouse Advisory,WH-A,InvestorHub,Platform,Growth,33201.07,23794.64,9406.43,85252.12,CAD
2025-04-14 00:00:00,C-100158,P-2008,Maya Singh,Director Sales,Pioneer Capital,WH-E,CapitalTrust,Retail,ESG,8031.38,7386.28,645.1,60825.05,USD
2025-04-16 00:00:00,C-100305,P-2005,Noah Brown,Regional Sales,Harbor Financial,WH-C,WealthGroup,Direct,ESG,21190.2,23712.07,-2521.87,67852.54,CAD
2025-04-17 00:00:00,C-100456,P-2006,Sara Patel,Insider Sales,Beacon Partners,WH-E,PrimeSecurities,Retail,Growth,4263.88,48229.96,-43966.08,52426.11,CAD
2025-04-23 00:00:00,C-100287,P-2037,Jamal Carter,Director Sales,Evergreen Advisory,WH-D,CapitalTrust,Institutional,Balanced,36161.22,30540.86,5620.36,91775.58,CAD
2025-04-29 00:00:00,C-100107,P-2007,Marcus Riley,VP Sales,Lighthouse Advisory,WH-C,WealthGroup,Platform,Balanced,53830.92,1436.26,52394.66,104566.77,CAD
2025-05-07 00:00:00,C-100449,P-2049,Marcus Riley,VP Sales,Harbor Financial,WH-E,WealthGroup,Advisor,Income,14563.51,40334.73,-25771.22,63801.73,CAD
2025-05-07 00:00:00,C-100051,P-2001,Marcus Riley,VP Sales,BlueCrest Planning,WH-B,PrimeSecurities,Platform,Growth,60713.01,4897.76,55815.25,156540.07,CAD
2025-05-10 00:00:00,C-100434,P-2034,Maya Singh,Director Sales,Harbor Financial,WH-E,InvestorHub,Advisor,Growth,22338.86,19358.34,2980.52,81499.03,USD
2025-05-13 00:00:00,C-100355,P-2005,Liam O'Connor,Insider Sales,NorthStar Advisors,WH-B,WealthGroup,Advisor,Short-Term,30682.04,785.18,29896.86,89216.41,USD
2025-05-14 00:00:00,C-100194,P-2044,Olivia Gomez,Insider Sales,Lighthouse Advisory,WH-B,CapitalTrust,Advisor,ESG,21116.02,13629.57,7486.45,79658.35,USD
2025-05-14 00:00:00,C-100487,P-2037,Noah Brown,Regional Sales,Evergreen Advisory,WH-A,DealerOne,Institutional,Income,107274.09,29080.78,78193.31,230072.4,USD
2025-05-15 00:00:00,C-100330,P-2030,Marcus Riley,VP Sales,NorthStar Advisors,WH-C,DealerOne,Direct,Balanced,44735.33,40962.24,3773.09,102297.47,USD
2025-05-15 00:00:00,C-100239,P-2039,Olivia Gomez,Insider Sales,Lighthouse Advisory,WH-B,InvestorHub,Retail,Growth,26904.14,32175.25,-5271.11,79529.34,USD
2025-05-16 00:00:00,C-100235,P-2035,Noah Brown,Regional Sales,BlueCrest Planning,WH-C,WealthGroup,Institutional,ESG,43711.74,20893.77,22817.97,98510.66,USD
2025-05-17 00:00:00,C-100262,P-2012,Jamal Carter,Director Sales,Pioneer Capital,WH-C,PrimeSecurities,Platform,Income,5418.42,30676.69,-25258.27,55423.43,CAD
2025-05-18 00:00:00,C-100476,P-2026,Alice Chen,VP Sales,Beacon Partners,WH-E,InvestorHub,Platform,Income,88299.85,27404.86,60894.99,158373.3,USD
2025-05-19 00:00:00,C-100207,P-2007,Liam O'Connor,Insider Sales,Maple Advisors,WH-D,CapitalTrust,Platform,Growth,59511.88,28340.02,31171.86,146660.5,USD
2025-05-19 00:00:00,C-100415,P-2015,Liam O'Connor,Insider Sales,NorthStar Advisors,WH-A,CapitalTrust,Retail,Growth,22231.28,41414.55,-19183.27,73476.89,USD
2025-05-19 00:00:00,C-100129,P-2029,Olivia Gomez,Insider Sales,Lighthouse Advisory,WH-C,InvestorHub,Direct,ESG,70185.98,5349.42,64836.56,112631.2,CAD
2025-05-21 00:00:00,C-100007,P-2007,Marcus Riley,VP Sales,Summit Wealth,WH-C,WealthGroup,Platform,Income,17644.33,9297.64,8346.69,67530.17,USD
2025-05-26 00:00:00,C-100164,P-2014,Priya Nair,Regional Sales,Summit Wealth,WH-D,CapitalTrust,Institutional,Balanced,46640.07,15988.09,30651.98,108298.6,USD
2025-05-26 00:00:00,C-100419,P-2019,Noah Brown,Regional Sales,Lighthouse Advisory,WH-A,DealerOne,Platform,ESG,27623.75,44708.24,-17084.49,71125.37,CAD
2025-05-30 00:00:00,C-100266,P-2016,Maya Singh,Director Sales,Evergreen Advisory,WH-E,DealerOne,Institutional,ESG,89402.7,37373.3,52029.4,190623.56,CAD
2025-05-31 00:00:00,C-100288,P-2038,Alice Chen,VP Sales,Summit Wealth,WH-E,DealerOne,Institutional,Income,45237.59,41710.6,3526.99,79733.08,CAD
2025-05-31 00:00:00,C-100208,P-2008,Ethan Park,VP Sales,Evergreen Advisory,WH-A,PrimeSecurities,Platform,Income,41376.54,31139.2,10237.34,107737.41,CAD
2025-06-01 00:00:00,C-100370,P-2020,Alice Chen,VP Sales,Maple Advisors,WH-A,WealthGroup,Retail,Growth,62409.53,2813.12,59596.41,101262.57,CAD
2025-06-03 00:00:00,C-100179,P-2029,Liam O'Connor,Insider Sales,BlueCrest Planning,WH-C,PrimeSecurities,Retail,Balanced,83499.62,52435.67,31063.95,170602.8,CAD
2025-06-03 00:00:00,C-100286,P-2036,Jamal Carter,Director Sales,Maple Advisors,WH-A,CapitalTrust,Direct,Short-Term,32350.85,17003.09,15347.76,82981.41,USD
2025-06-08 00:00:00,C-100178,P-2028,Maya Singh,Director Sales,Beacon Partners,WH-C,CapitalTrust,Institutional,ESG,79274.27,1216.88,78057.39,165673.71,CAD
2025-06-09 00:00:00,C-100443,P-2043,Olivia Gomez,Insider Sales,BlueCrest Planning,WH-B,DealerOne,Retail,ESG,90172.93,19916.83,70256.1,137682.4,USD
2025-06-11 00:00:00,C-100428,P-2028,Noah Brown,Regional Sales,Lighthouse Advisory,WH-A,CapitalTrust,Advisor,Income,1663.51,27027.05,-25363.54,51280.82,CAD
2025-06-13 00:00:00,C-100219,P-2019,Priya Nair,Regional Sales,Beacon Partners,WH-A,PrimeSecurities,Institutional,ESG,11.73,34557.08,-34545.35,50016,USD
2025-06-13 00:00:00,C-100446,P-2046,Olivia Gomez,Insider Sales,Summit Wealth,WH-D,WealthGroup,Platform,Growth,111949.53,40209.65,71739.88,190813.47,USD
2025-06-14 00:00:00,C-100373,P-2023,Olivia Gomez,Insider Sales,Evergreen Advisory,WH-D,DealerOne,Retail,Growth,6671.34,33970.35,-27299.01,55406.63,CAD
2025-06-15 00:00:00,C-100168,P-2018,Noah Brown,Regional Sales,BlueCrest Planning,WH-A,InvestorHub,Direct,Short-Term,59774.29,1474.04,58300.25,101317.53,CAD
2025-06-15 00:00:00,C-100313,P-2013,Olivia Gomez,Insider Sales,Brightway Wealth,WH-A,DealerOne,Direct,ESG,115018.19,51758.07,63260.12,190955.17,USD
2025-06-15 00:00:00,C-100254,P-2004,Alice Chen,VP Sales,Beacon Partners,WH-A,InvestorHub,Retail,ESG,17975.95,10788.57,7187.38,68280.13,USD
2025-06-16 00:00:00,C-100257,P-2007,Sara Patel,Insider Sales,Lighthouse Advisory,WH-E,CapitalTrust,Advisor,Balanced,55298.23,12857.9,42440.33,133780.03,USD
2025-06-16 00:00:00,C-100441,P-2041,Ethan Park,VP Sales,Beacon Partners,WH-E,WealthGroup,Retail,ESG,119223.21,13132.44,106090.77,201735.67,CAD
2025-06-17 00:00:00,C-100213,P-2013,Priya Nair,Regional Sales,Lighthouse Advisory,WH-D,CapitalTrust,Institutional,ESG,50555.64,59019.24,-8463.6,110958.84,USD
2025-06-18 00:00:00,C-100131,P-2031,Olivia Gomez,Insider Sales,Maple Advisors,WH-E,DealerOne,Advisor,ESG,11815.31,1440.81,10374.5,56958.93,USD
2025-06-21 00:00:00,C-100162,P-2012,Alice Chen,VP Sales,NorthStar Advisors,WH-C,CapitalTrust,Platform,Balanced,39863.75,8448.06,31415.69,92405.01,CAD
2025-06-22 00:00:00,C-100046,P-2046,Marcus Riley,VP Sales,Harbor Financial,WH-E,WealthGroup,Advisor,Income,37781.5,17798.34,19983.16,107391.45,CAD
2025-06-23 00:00:00,C-100102,P-2002,Alice Chen,VP Sales,NorthStar Advisors,WH-C,PrimeSecurities,Advisor,Balanced,49436.4,41908.2,7528.2,113857.39,USD
2025-06-24 00:00:00,C-100185,P-2035,Olivia Gomez,Insider Sales,Summit Wealth,WH-D,CapitalTrust,Advisor,Growth,64834.3,19684.84,45149.46,122292.16,USD
2025-06-27 00:00:00,C-100271,P-2021,Noah Brown,Regional Sales,Harbor Financial,WH-A,WealthGroup,Retail,Income,1310.91,70531.03,-69220.12,51274.87,CAD
2025-06-29 00:00:00,C-100394,P-2044,Olivia Gomez,Insider Sales,Brightway Wealth,WH-E,DealerOne,Institutional,Short-Term,12169.01,11921.95,247.06,65899.38,CAD
2025-06-30 00:00:00,C-100149,P-2049,Alice Chen,VP Sales,NorthStar Advisors,WH-D,PrimeSecurities,Retail,Growth,43895.87,16992.45,26903.42,88453,USD
2025-07-01 00:00:00,C-100460,P-2010,Ethan Park,VP Sales,BlueCrest Planning,WH-C,CapitalTrust,Direct,Growth,66986.17,29416.3,37569.87,78810.8,CAD
2025-07-01 00:00:00,C-100425,P-2025,Sara Patel,Insider Sales,NorthStar Advisors,WH-B,PrimeSecurities,Platform,Balanced,115834.61,28353.65,87480.96,152414.72,CAD
2025-07-02 00:00:00,C-100432,P-2032,Noah Brown,Regional Sales,Beacon Partners,WH-C,InvestorHub,Advisor,Income,54138.8,6768.75,47370.05,106317.78,USD
2025-07-04 00:00:00,C-100485,P-2035,Marcus Riley,VP Sales,NorthStar Advisors,WH-E,WealthGroup,Direct,ESG,24344.05,168.75,24175.3,76855.19,USD
2025-07-04 00:00:00,C-100431,P-2031,Olivia Gomez,Insider Sales,Harbor Financial,WH-B,InvestorHub,Direct,ESG,30838.46,1929.61,28908.85,81870.9,USD
2025-07-04 00:00:00,C-100278,P-2028,Alice Chen,VP Sales,Pioneer Capital,WH-E,InvestorHub,Advisor,Short-Term,30967.09,2330.4,28636.69,79853.28,CAD
2025-07-04 00:00:00,C-100334,P-2034,Noah Brown,Regional Sales,Maple Advisors,WH-D,InvestorHub,Direct,Balanced,53044.74,6867.87,46176.87,98470.05,CAD
2025-07-05 00:00:00,C-100246,P-2046,Priya Nair,Regional Sales,Pioneer Capital,WH-D,PrimeSecurities,Platform,Short-Term,45722.68,51239.6,-5516.92,125393.91,CAD
2025-07-07 00:00:00,C-100018,P-2018,Alice Chen,VP Sales,Brightway Wealth,WH-C,CapitalTrust,Institutional,Growth,97546.66,24137.49,73409.17,161448.83,CAD
2025-07-08 00:00:00,C-100372,P-2022,Marcus Riley,VP Sales,Harbor Financial,WH-C,DealerOne,Platform,Income,24595.36,78552.64,-53957.28,73323.07,CAD
2025-07-09 00:00:00,C-100191,P-2041,Noah Brown,Regional Sales,Pioneer Capital,WH-E,DealerOne,Platform,Short-Term,50465.26,4647.91,45817.35,95378.9,CAD
2025-07-09 00:00:00,C-100016,P-2016,Alice Chen,VP Sales,BlueCrest Planning,WH-E,InvestorHub,Advisor,Growth,9130.4,11571.58,-2441.18,60686.92,USD
2025-07-09 00:00:00,C-100496,P-2046,Noah Brown,Regional Sales,Beacon Partners,WH-A,CapitalTrust,Retail,Growth,22471.06,33645.83,-11174.77,76187.7,USD
2025-07-10 00:00:00,C-100401,P-2001,Noah Brown,Regional Sales,Evergreen Advisory,WH-B,DealerOne,Direct,Growth,45904.41,36103.37,9801.04,111192.49,CAD
2025-07-15 00:00:00,C-100320,P-2020,Alice Chen,VP Sales,BlueCrest Planning,WH-D,WealthGroup,Institutional,Balanced,123722.09,44765.53,78956.56,171634.58,USD
2025-07-15 00:00:00,C-100430,P-2030,Noah Brown,Regional Sales,Harbor Financial,WH-A,CapitalTrust,Direct,Short-Term,61368.65,54840.94,6527.71,120265.66,CAD
2025-07-17 00:00:00,C-100193,P-2043,Ethan Park,VP Sales,Evergreen Advisory,WH-D,PrimeSecurities,Platform,ESG,27012.26,19304.87,7707.39,86521.24,CAD
2025-07-17 00:00:00,C-100224,P-2024,Ethan Park,VP Sales,Brightway Wealth,WH-E,PrimeSecurities,Platform,Balanced,3295.81,38313.06,-35017.25,54073.39,CAD
2025-07-18 00:00:00,C-100285,P-2035,Noah Brown,Regional Sales,NorthStar Advisors,WH-C,DealerOne,Institutional,Short-Term,23758.9,10451.15,13307.75,77777.61,USD
2025-07-20 00:00:00,C-100498,P-2048,Sara Patel,Insider Sales,Maple Advisors,WH-E,WealthGroup,Institutional,ESG,14465.56,2057.49,12408.07,71380.71,USD
2025-07-20 00:00:00,C-100109,P-2009,Marcus Riley,VP Sales,Harbor Financial,WH-C,CapitalTrust,Retail,ESG,35421.16,55344.09,-19922.93,95656.18,CAD
2025-07-22 00:00:00,C-100187,P-2037,Marcus Riley,VP Sales,Beacon Partners,WH-B,CapitalTrust,Platform,ESG,2791.04,36162.27,-33371.23,53522.19,CAD
2025-07-26 00:00:00,C-100303,P-2003,Alice Chen,VP Sales,Beacon Partners,WH-B,InvestorHub,Retail,Balanced,75472.82,15879.21,59593.61,141700.37,USD
2025-07-27 00:00:00,C-100412,P-2012,Liam O'Connor,Insider Sales,Pioneer Capital,WH-E,InvestorHub,Retail,ESG,17850.17,12175.57,5674.6,76970.43,CAD
2025-07-27 00:00:00,C-100035,P-2035,Maya Singh,Director Sales,Brightway Wealth,WH-D,PrimeSecurities,Advisor,Short-Term,15606.07,17616.88,-2010.81,65562.52,USD
2025-07-27 00:00:00,C-100383,P-2033,Noah Brown,Regional Sales,Maple Advisors,WH-C,CapitalTrust,Institutional,ESG,65875.44,20299.83,45575.61,94488.47,USD
2025-07-27 00:00:00,C-100159,P-2009,Alice Chen,VP Sales,BlueCrest Planning,WH-E,CapitalTrust,Platform,Growth,11661.83,33348.68,-21686.85,59175.69,CAD
2025-07-29 00:00:00,C-100190,P-2040,Liam O'Connor,Insider Sales,Evergreen Advisory,WH-B,InvestorHub,Institutional,Growth,43182.54,34321.15,8861.39,81185.19,USD
2025-07-29 00:00:00,C-100222,P-2022,Olivia Gomez,Insider Sales,BlueCrest Planning,WH-D,InvestorHub,Advisor,Balanced,70464.19,1709.02,68755.17,126929.42,USD
2025-07-29 00:00:00,C-100126,P-2026,Sara Patel,Insider Sales,Brightway Wealth,WH-E,WealthGroup,Advisor,Income,3732.14,39176.63,-35444.49,53552.56,USD
2025-07-30 00:00:00,C-100389,P-2039,Priya Nair,Regional Sales,Brightway Wealth,WH-D,PrimeSecurities,Advisor,Growth,22312.66,36948.85,-14636.19,74835.83,USD
2025-07-31 00:00:00,C-100369,P-2019,Ethan Park,VP Sales,BlueCrest Planning,WH-C,PrimeSecurities,Advisor,Income,56760.68,25726.12,31034.56,96634.62,USD
2025-08-01 00:00:00,C-100039,P-2039,Ethan Park,VP Sales,BlueCrest Planning,WH-B,WealthGroup,Advisor,Balanced,39024.44,33437.25,5587.19,100338.21,CAD
2025-08-02 00:00:00,C-100315,P-2015,Noah Brown,Regional Sales,Maple Advisors,WH-B,InvestorHub,Advisor,ESG,14850.13,21502.26,-6652.13,72236.82,USD
2025-08-04 00:00:00,C-100497,P-2047,Maya Singh,Director Sales,Evergreen Advisory,WH-C,PrimeSecurities,Institutional,Balanced,93366.45,21612.68,71753.77,152004.3,USD
2025-08-05 00:00:00,C-100141,P-2041,Liam O'Connor,Insider Sales,Harbor Financial,WH-E,WealthGroup,Advisor,Income,64131.72,37858.95,26272.77,131822.45,USD
2025-08-06 00:00:00,C-100197,P-2047,Marcus Riley,VP Sales,NorthStar Advisors,WH-C,WealthGroup,Advisor,Income,72767.28,14896.36,57870.92,104214.59,USD
2025-08-06 00:00:00,C-100411,P-2011,Priya Nair,Regional Sales,Pioneer Capital,WH-A,CapitalTrust,Platform,Income,56361.33,8818.14,47543.19,130343.04,CAD
2025-08-11 00:00:00,C-100463,P-2013,Marcus Riley,VP Sales,BlueCrest Planning,WH-E,WealthGroup,Institutional,Short-Term,32312.28,9176.92,23135.36,83587.49,CAD
2025-08-12 00:00:00,C-100402,P-2002,Alice Chen,VP Sales,Harbor Financial,WH-A,WealthGroup,Platform,Growth,9353.55,19318.93,-9965.38,62818.93,CAD
2025-08-13 00:00:00,C-100155,P-2005,Liam O'Connor,Insider Sales,Evergreen Advisory,WH-D,CapitalTrust,Direct,ESG,46582.9,52402.38,-5819.48,103649.45,USD
2025-08-13 00:00:00,C-100210,P-2010,Liam O'Connor,Insider Sales,Maple Advisors,WH-C,InvestorHub,Retail,Income,6419.72,16509.93,-10090.21,57700.14,CAD
2025-08-14 00:00:00,C-100037,P-2037,Ethan Park,VP Sales,Brightway Wealth,WH-A,WealthGroup,Advisor,Short-Term,10003.15,27768.31,-17765.16,59274.91,CAD
2025-08-14 00:00:00,C-100357,P-2007,Olivia Gomez,Insider Sales,Maple Advisors,WH-C,InvestorHub,Advisor,Balanced,37506.19,27936.89,9569.3,94616.7,CAD
2025-08-15 00:00:00,C-100005,P-2005,Liam O'Connor,Insider Sales,Pioneer Capital,WH-A,WealthGroup,Retail,Short-Term,14248.01,25146.93,-10898.92,63020.36,USD
2025-08-16 00:00:00,C-100085,P-2035,Olivia Gomez,Insider Sales,Beacon Partners,WH-C,PrimeSecurities,Retail,Short-Term,22019.69,28990.2,-6970.51,79241.15,CAD
2025-08-17 00:00:00,C-100073,P-2023,Ethan Park,VP Sales,Evergreen Advisory,WH-D,CapitalTrust,Platform,ESG,35099.19,24006.57,11092.62,82427.16,USD
2025-08-18 00:00:00,C-100454,P-2004,Marcus Riley,VP Sales,Summit Wealth,WH-E,WealthGroup,Advisor,Balanced,98143.74,72568.98,25574.76,153333.87,USD
2025-08-20 00:00:00,C-100300,P-2000,Jamal Carter,Director Sales,Beacon Partners,WH-B,WealthGroup,Institutional,Short-Term,40226.93,17129.13,23097.8,70752.55,USD
2025-08-24 00:00:00,C-100225,P-2025,Ethan Park,VP Sales,Pioneer Capital,WH-B,DealerOne,Institutional,Income,48112.68,2529.28,45583.4,99620.72,CAD
2025-08-24 00:00:00,C-100182,P-2032,Maya Singh,Director Sales,Evergreen Advisory,WH-C,PrimeSecurities,Direct,Short-Term,82766.92,45135.36,37631.56,146328.72,CAD
2025-08-25 00:00:00,C-100252,P-2002,Maya Singh,Director Sales,BlueCrest Planning,WH-A,PrimeSecurities,Direct,Balanced,2480.25,9544.48,-7064.23,51964.84,CAD
2025-09-03 00:00:00,C-100302,P-2002,Liam O'Connor,Insider Sales,Brightway Wealth,WH-D,CapitalTrust,Institutional,Balanced,32176.67,66623.41,-34446.74,83861.12,USD
2025-09-03 00:00:00,C-100088,P-2038,Liam O'Connor,Insider Sales,Pioneer Capital,WH-E,CapitalTrust,Direct,Short-Term,98879.21,19978.66,78900.55,155467.71,USD
2025-09-08 00:00:00,C-100087,P-2037,Alice Chen,VP Sales,Brightway Wealth,WH-C,InvestorHub,Direct,Income,44782.66,31217.46,13565.2,91034.53,USD
2025-09-09 00:00:00,C-100127,P-2027,Jamal Carter,Director Sales,Lighthouse Advisory,WH-C,WealthGroup,Platform,Growth,1204.39,25361.96,-24157.57,51353.2,USD
2025-09-10 00:00:00,C-100399,P-2049,Ethan Park,VP Sales,Brightway Wealth,WH-E,WealthGroup,Retail,Balanced,37007.69,21674.72,15332.97,85135.74,CAD
2025-09-10 00:00:00,C-100083,P-2033,Liam O'Connor,Insider Sales,Evergreen Advisory,WH-D,PrimeSecurities,Advisor,ESG,17229.94,5812.83,11417.11,59485.3,USD
2025-09-11 00:00:00,C-100124,P-2024,Sara Patel,Insider Sales,BlueCrest Planning,WH-A,DealerOne,Platform,Growth,7260.8,14479.68,-7218.88,57785.55,USD
2025-09-13 00:00:00,C-100075,P-2025,Marcus Riley,VP Sales,Maple Advisors,WH-A,InvestorHub,Institutional,Growth,41363.66,20809.98,20553.68,91272.97,CAD
2025-09-13 00:00:00,C-100223,P-2023,Marcus Riley,VP Sales,NorthStar Advisors,WH-A,WealthGroup,Institutional,ESG,23997.4,14668.57,9328.83,83871.81,CAD
